-- phpMyAdmin SQL Dump
-- version 5.2.1
-- https://www.phpmyadmin.net/
--
-- Host: 127.0.0.1
-- Generation Time: Oct 30, 2025 at 08:00 AM
-- Server version: 10.4.32-MariaDB
-- PHP Version: 8.2.12

SET SQL_MODE = "NO_AUTO_VALUE_ON_ZERO";
START TRANSACTION;
SET time_zone = "+00:00";


/*!40101 SET @OLD_CHARACTER_SET_CLIENT=@@CHARACTER_SET_CLIENT */;
/*!40101 SET @OLD_CHARACTER_SET_RESULTS=@@CHARACTER_SET_RESULTS */;
/*!40101 SET @OLD_COLLATION_CONNECTION=@@COLLATION_CONNECTION */;
/*!40101 SET NAMES utf8mb4 */;

--
-- Database: `hr`
--

-- --------------------------------------------------------

--
-- Table structure for table `attendances`
--

CREATE TABLE `attendances` (
  `id` bigint(20) UNSIGNED NOT NULL,
  `company_id` bigint(20) UNSIGNED NOT NULL,
  `employee_id` bigint(20) UNSIGNED NOT NULL,
  `date` date NOT NULL,
  `status` int(11) NOT NULL DEFAULT 0 COMMENT '0: Present, 1: Absent, 2: Leave, 3: Late, 4: Half-day',
  `check_in` time DEFAULT NULL,
  `check_out` time DEFAULT NULL,
  `created_at` timestamp NULL DEFAULT NULL,
  `updated_at` timestamp NULL DEFAULT NULL
) ENGINE=InnoDB DEFAULT CHARSET=utf8mb4 COLLATE=utf8mb4_unicode_ci;

--
-- Dumping data for table `attendances`
--

INSERT INTO `attendances` (`id`, `company_id`, `employee_id`, `date`, `status`, `check_in`, `check_out`, `created_at`, `updated_at`) VALUES
(1, 6, 1, '2025-09-01', 0, '08:00:00', '17:00:00', '2025-10-11 01:19:16', '2025-10-11 01:19:16'),
(2, 6, 2, '2025-09-01', 0, '08:00:00', '17:00:00', '2025-10-11 01:19:16', '2025-10-11 01:19:16'),
(3, 6, 3, '2025-09-01', 0, '08:00:00', '17:00:00', '2025-10-11 01:19:16', '2025-10-11 01:19:16'),
(4, 6, 4, '2025-09-01', 0, '08:00:00', '17:00:00', '2025-10-11 01:19:16', '2025-10-11 01:19:16'),
(5, 6, 5, '2025-09-01', 0, '08:00:00', '17:00:00', '2025-10-11 01:19:16', '2025-10-11 01:19:16'),
(6, 6, 6, '2025-09-01', 0, '08:00:00', '17:00:00', '2025-10-11 01:19:16', '2025-10-11 01:19:16'),
(7, 6, 7, '2025-09-01', 0, '08:00:00', '17:00:00', '2025-10-11 01:19:16', '2025-10-11 01:19:16'),
(8, 6, 8, '2025-09-01', 0, '08:00:00', '17:00:00', '2025-10-11 01:19:16', '2025-10-11 01:19:16'),
(9, 6, 9, '2025-09-01', 0, '08:00:00', '17:00:00', '2025-10-11 01:19:16', '2025-10-11 01:19:16'),
(10, 6, 10, '2025-09-01', 0, '08:00:00', '17:00:00', '2025-10-11 01:19:16', '2025-10-11 01:19:16'),
(11, 6, 1, '2025-09-02', 0, '08:00:00', '17:00:00', '2025-10-11 01:28:02', '2025-10-11 01:28:02'),
(12, 6, 2, '2025-09-02', 0, '08:00:00', '17:00:00', '2025-10-11 01:28:02', '2025-10-11 01:28:02'),
(13, 6, 3, '2025-09-02', 0, '08:00:00', '17:00:00', '2025-10-11 01:28:02', '2025-10-11 01:28:02'),
(14, 6, 4, '2025-09-02', 0, '08:00:00', '17:00:00', '2025-10-11 01:28:03', '2025-10-11 01:28:03'),
(15, 6, 5, '2025-09-02', 0, '08:00:00', '17:00:00', '2025-10-11 01:28:03', '2025-10-11 01:28:03'),
(16, 6, 6, '2025-09-02', 0, '08:59:00', '17:00:00', '2025-10-11 01:28:03', '2025-10-11 01:28:03'),
(17, 6, 7, '2025-09-02', 0, '08:00:00', '17:00:00', '2025-10-11 01:28:03', '2025-10-11 01:28:03'),
(18, 6, 8, '2025-09-02', 0, '08:00:00', '17:00:00', '2025-10-11 01:28:03', '2025-10-11 01:28:03'),
(19, 6, 9, '2025-09-02', 0, '08:00:00', '17:00:00', '2025-10-11 01:28:03', '2025-10-11 01:28:03'),
(20, 6, 10, '2025-09-02', 0, '08:00:00', '17:00:00', '2025-10-11 01:28:03', '2025-10-11 01:28:03'),
(21, 6, 1, '2025-09-03', 0, '07:59:00', '17:03:00', '2025-10-11 21:01:10', '2025-10-15 22:14:55'),
(22, 6, 2, '2025-09-03', 0, '08:05:00', '17:05:00', '2025-10-11 21:01:10', '2025-10-15 22:14:55'),
(23, 6, 3, '2025-09-03', 0, '08:01:00', '17:04:00', '2025-10-11 21:01:10', '2025-10-15 22:14:55'),
(24, 6, 4, '2025-09-03', 0, '08:02:00', '17:06:00', '2025-10-11 21:01:10', '2025-10-15 22:14:55'),
(25, 6, 5, '2025-09-03', 4, '07:59:00', '00:07:00', '2025-10-11 21:01:10', '2025-10-15 22:14:55'),
(26, 6, 6, '2025-09-03', 0, '08:00:00', '17:00:00', '2025-10-11 21:01:10', '2025-10-11 21:01:10'),
(27, 6, 7, '2025-09-03', 0, '08:03:00', '17:08:00', '2025-10-11 21:01:10', '2025-10-15 22:14:55'),
(28, 6, 8, '2025-09-03', 2, NULL, NULL, '2025-10-11 21:01:10', '2025-10-15 22:14:55'),
(29, 6, 9, '2025-09-03', 0, '08:03:00', '17:09:00', '2025-10-11 21:01:10', '2025-10-15 22:14:55'),
(30, 6, 10, '2025-09-03', 0, '08:06:00', '17:06:00', '2025-10-11 21:01:10', '2025-10-15 22:14:55'),
(31, 6, 1, '2025-10-04', 0, '08:00:00', '20:00:00', '2025-10-11 21:07:02', '2025-10-11 21:07:02'),
(32, 6, 2, '2025-10-04', 0, '08:00:00', '20:00:00', '2025-10-11 21:07:02', '2025-10-11 21:07:02'),
(33, 6, 3, '2025-10-04', 0, '08:00:00', NULL, '2025-10-11 21:07:02', '2025-10-11 21:07:02'),
(34, 6, 4, '2025-10-04', 0, '08:00:00', '17:00:00', '2025-10-11 21:07:02', '2025-10-11 21:07:02'),
(35, 6, 5, '2025-10-04', 0, '08:00:00', '17:00:00', '2025-10-11 21:07:02', '2025-10-11 21:07:02'),
(36, 6, 6, '2025-10-04', 0, '08:00:00', '17:00:00', '2025-10-11 21:07:02', '2025-10-11 21:07:02'),
(37, 6, 7, '2025-10-04', 0, '08:00:00', '17:00:00', '2025-10-11 21:07:02', '2025-10-11 21:07:02'),
(38, 6, 8, '2025-10-04', 0, '08:00:00', '17:00:00', '2025-10-11 21:07:02', '2025-10-11 21:07:02'),
(39, 6, 9, '2025-10-04', 0, '08:00:00', '17:00:00', '2025-10-11 21:07:02', '2025-10-11 21:07:02'),
(40, 6, 10, '2025-10-04', 0, '08:00:00', '17:00:00', '2025-10-11 21:07:02', '2025-10-11 21:07:02'),
(41, 6, 1, '2025-10-06', 0, '08:00:00', '17:00:00', '2025-10-11 21:12:25', '2025-10-11 21:12:25'),
(42, 6, 2, '2025-10-06', 0, '08:00:00', '17:00:00', '2025-10-11 21:12:25', '2025-10-11 21:12:25'),
(43, 6, 3, '2025-10-06', 0, '08:00:00', '17:00:00', '2025-10-11 21:12:25', '2025-10-11 21:12:25'),
(44, 6, 4, '2025-10-06', 0, '08:00:00', '17:00:00', '2025-10-11 21:12:25', '2025-10-11 21:18:45'),
(45, 6, 5, '2025-10-06', 0, '08:00:00', '17:00:00', '2025-10-11 21:12:25', '2025-10-11 21:18:45'),
(46, 6, 6, '2025-10-06', 0, '08:00:00', '17:00:00', '2025-10-11 21:12:25', '2025-10-11 21:12:25'),
(47, 6, 7, '2025-10-06', 0, '08:00:00', '17:00:00', '2025-10-11 21:12:25', '2025-10-11 21:12:25'),
(48, 6, 8, '2025-10-06', 0, '08:00:00', '17:00:00', '2025-10-11 21:12:25', '2025-10-11 21:12:25'),
(49, 6, 9, '2025-10-06', 0, '08:00:00', '17:59:00', '2025-10-11 21:12:25', '2025-10-11 21:18:45'),
(50, 6, 10, '2025-10-06', 0, '08:00:00', '17:00:00', '2025-10-11 21:12:25', '2025-10-11 21:12:25'),
(51, 6, 1, '2025-10-05', 0, '08:00:00', '17:00:00', '2025-10-11 21:13:07', '2025-10-11 21:13:07'),
(52, 6, 2, '2025-10-05', 0, '08:00:00', '17:00:00', '2025-10-11 21:13:07', '2025-10-11 21:13:07'),
(53, 6, 3, '2025-10-05', 0, '08:00:00', '17:00:00', '2025-10-11 21:13:07', '2025-10-11 21:13:07'),
(54, 6, 4, '2025-10-05', 0, '08:00:00', '17:59:00', '2025-10-11 21:13:07', '2025-10-11 21:13:07'),
(55, 6, 5, '2025-10-05', 0, '08:59:00', '17:00:00', '2025-10-11 21:13:07', '2025-10-11 21:13:07'),
(56, 6, 6, '2025-10-05', 0, '08:00:00', '17:00:00', '2025-10-11 21:13:07', '2025-10-11 21:13:07'),
(57, 6, 7, '2025-10-05', 0, '08:00:00', '17:00:00', '2025-10-11 21:13:07', '2025-10-11 21:13:07'),
(58, 6, 8, '2025-10-05', 0, '08:00:00', '17:00:00', '2025-10-11 21:13:07', '2025-10-11 21:13:07'),
(59, 6, 9, '2025-10-05', 0, '08:00:00', '17:00:00', '2025-10-11 21:13:07', '2025-10-11 21:13:07'),
(60, 6, 10, '2025-10-05', 0, '08:00:00', '17:00:00', '2025-10-11 21:13:07', '2025-10-11 21:13:07'),
(61, 6, 1, '2025-10-07', 0, '08:00:00', '17:00:00', '2025-10-11 21:23:52', '2025-10-11 21:23:52'),
(62, 6, 2, '2025-10-07', 0, '08:00:00', NULL, '2025-10-11 21:23:52', '2025-10-11 21:23:52'),
(63, 6, 3, '2025-10-07', 0, '08:20:00', '17:00:00', '2025-10-11 21:23:52', '2025-10-11 21:23:52'),
(64, 6, 4, '2025-10-07', 0, '08:20:00', '17:00:00', '2025-10-11 21:23:52', '2025-10-11 21:23:52'),
(65, 6, 5, '2025-10-07', 0, '08:00:00', '17:00:00', '2025-10-11 21:23:52', '2025-10-11 21:23:52'),
(66, 6, 6, '2025-10-07', 0, '08:00:00', '17:00:00', '2025-10-11 21:23:52', '2025-10-11 21:23:52'),
(67, 6, 7, '2025-10-07', 0, '08:00:00', '17:00:00', '2025-10-11 21:23:53', '2025-10-11 21:23:53'),
(68, 6, 8, '2025-10-07', 0, '08:00:00', '17:00:00', '2025-10-11 21:23:53', '2025-10-11 21:23:53'),
(69, 6, 9, '2025-10-07', 0, '08:00:00', '17:00:00', '2025-10-11 21:23:53', '2025-10-11 21:23:53'),
(70, 6, 10, '2025-10-07', 0, '08:00:00', '17:00:00', '2025-10-11 21:23:53', '2025-10-11 21:23:53'),
(71, 6, 1, '2025-10-08', 0, '08:01:00', '17:02:00', '2025-10-11 21:30:29', '2025-10-11 21:30:29'),
(72, 6, 2, '2025-10-08', 0, '08:00:00', '17:01:00', '2025-10-11 21:30:29', '2025-10-11 21:30:29'),
(73, 6, 3, '2025-10-08', 0, '08:00:00', '17:00:00', '2025-10-11 21:30:29', '2025-10-11 21:30:29'),
(74, 6, 4, '2025-10-08', 0, '08:00:00', '17:00:00', '2025-10-11 21:30:29', '2025-10-11 21:30:29'),
(75, 6, 5, '2025-10-08', 0, '08:00:00', '17:00:00', '2025-10-11 21:30:29', '2025-10-11 21:30:29'),
(76, 6, 6, '2025-10-08', 0, '08:00:00', '05:00:00', '2025-10-11 21:30:29', '2025-10-11 21:30:29'),
(77, 6, 7, '2025-10-08', 0, '08:00:00', '17:00:00', '2025-10-11 21:30:29', '2025-10-11 21:30:29'),
(78, 6, 8, '2025-10-08', 0, '08:00:00', '17:00:00', '2025-10-11 21:30:29', '2025-10-11 21:30:29'),
(79, 6, 9, '2025-10-08', 0, '08:00:00', '17:00:00', '2025-10-11 21:30:29', '2025-10-11 21:30:29'),
(80, 6, 10, '2025-10-08', 0, '08:00:00', '17:00:00', '2025-10-11 21:30:29', '2025-10-11 21:30:29'),
(81, 6, 1, '2025-10-09', 2, '08:00:00', '05:00:00', '2025-10-11 21:36:49', '2025-10-11 21:36:49'),
(82, 6, 2, '2025-10-09', 1, NULL, NULL, '2025-10-11 21:36:49', '2025-10-11 21:36:49'),
(83, 6, 3, '2025-10-09', 3, '08:44:00', '17:04:00', '2025-10-11 21:36:49', '2025-10-11 21:36:49'),
(84, 6, 4, '2025-10-09', 4, '08:00:00', '00:00:00', '2025-10-11 21:36:49', '2025-10-11 21:36:49'),
(85, 6, 5, '2025-10-09', 0, '08:00:00', '17:00:00', '2025-10-11 21:36:50', '2025-10-11 21:36:50'),
(86, 6, 6, '2025-10-09', 0, '08:01:00', '17:00:00', '2025-10-11 21:36:50', '2025-10-11 21:36:50'),
(87, 6, 7, '2025-10-09', 0, '08:00:00', '17:01:00', '2025-10-11 21:36:50', '2025-10-11 21:36:50'),
(88, 6, 8, '2025-10-09', 0, '08:00:00', '17:02:00', '2025-10-11 21:36:50', '2025-10-11 21:36:50'),
(89, 6, 9, '2025-10-09', 0, '08:25:00', '17:02:00', '2025-10-11 21:36:50', '2025-10-11 21:36:50'),
(90, 6, 10, '2025-10-09', 0, '08:00:00', '17:01:00', '2025-10-11 21:36:50', '2025-10-11 21:36:50'),
(91, 6, 1, '2025-09-10', 0, '08:00:00', '17:12:00', '2025-10-11 21:44:34', '2025-10-11 22:33:51'),
(92, 6, 2, '2025-09-10', 0, '08:00:00', '17:06:00', '2025-10-11 21:44:34', '2025-10-11 22:33:51'),
(93, 6, 3, '2025-09-10', 0, '08:00:00', '17:04:00', '2025-10-11 21:44:34', '2025-10-11 22:33:51'),
(94, 6, 4, '2025-09-10', 1, '08:00:00', '17:00:00', '2025-10-11 21:44:34', '2025-10-11 22:33:51'),
(95, 6, 5, '2025-09-10', 0, '08:12:00', '05:29:00', '2025-10-11 21:44:34', '2025-10-11 22:33:51'),
(96, 6, 6, '2025-09-10', 0, '08:00:00', '17:00:00', '2025-10-11 21:44:34', '2025-10-11 21:44:34'),
(97, 6, 7, '2025-09-10', 3, '08:50:00', '17:09:00', '2025-10-11 21:44:34', '2025-10-11 22:33:51'),
(98, 6, 8, '2025-09-10', 0, '08:01:00', '17:11:00', '2025-10-11 21:44:34', '2025-10-11 22:33:51'),
(99, 6, 9, '2025-09-10', 0, '07:57:00', '17:09:00', '2025-10-11 21:44:34', '2025-10-11 22:33:51'),
(100, 6, 10, '2025-09-10', 0, '07:56:00', '17:08:00', '2025-10-11 21:44:34', '2025-10-11 22:33:51'),
(101, 6, 1, '2025-10-11', 0, '07:51:00', '17:01:00', '2025-10-11 22:26:21', '2025-10-11 22:26:21'),
(102, 6, 2, '2025-10-11', 0, '07:56:00', '17:03:00', '2025-10-11 22:26:21', '2025-10-11 22:26:21'),
(103, 6, 3, '2025-10-11', 3, '08:51:00', '05:23:00', '2025-10-11 22:26:21', '2025-10-11 22:26:21'),
(104, 6, 4, '2025-10-11', 0, '08:00:00', '17:03:00', '2025-10-11 22:26:21', '2025-10-11 22:26:21'),
(105, 6, 5, '2025-10-11', 0, '08:23:00', '17:01:00', '2025-10-11 22:26:21', '2025-10-11 22:26:21'),
(106, 6, 6, '2025-10-11', 0, '07:56:00', '17:00:00', '2025-10-11 22:26:21', '2025-10-11 22:26:21'),
(107, 6, 7, '2025-10-11', 0, '07:56:00', '17:10:00', '2025-10-11 22:26:21', '2025-10-11 22:26:21'),
(108, 6, 8, '2025-10-11', 2, NULL, NULL, '2025-10-11 22:26:21', '2025-10-11 22:26:21'),
(109, 6, 9, '2025-10-11', 4, '08:00:00', '00:22:00', '2025-10-11 22:26:21', '2025-10-11 22:26:21'),
(110, 6, 10, '2025-10-11', 0, '08:05:00', '17:04:00', '2025-10-11 22:26:21', '2025-10-11 22:26:21'),
(111, 6, 1, '2025-09-13', 0, '08:07:00', '17:11:00', '2025-10-11 22:46:53', '2025-10-11 22:46:53'),
(112, 6, 2, '2025-09-13', 0, '08:59:00', '17:04:00', '2025-10-11 22:46:53', '2025-10-11 22:46:53'),
(113, 6, 3, '2025-09-13', 0, '08:02:00', '17:00:00', '2025-10-11 22:46:53', '2025-10-11 22:46:53'),
(114, 6, 4, '2025-09-13', 0, '08:00:00', '17:00:00', '2025-10-11 22:46:53', '2025-10-11 22:46:53'),
(115, 6, 5, '2025-09-13', 0, '08:02:00', '17:03:00', '2025-10-11 22:46:53', '2025-10-11 22:46:53'),
(116, 6, 6, '2025-09-13', 0, '08:00:00', '17:07:00', '2025-10-11 22:46:53', '2025-10-11 22:46:53'),
(117, 6, 7, '2025-09-13', 0, NULL, NULL, '2025-10-11 22:46:53', '2025-10-11 22:46:53'),
(118, 6, 8, '2025-09-13', 0, '08:05:00', '17:12:00', '2025-10-11 22:46:53', '2025-10-11 22:46:53'),
(119, 6, 9, '2025-09-13', 0, '08:19:00', '17:00:00', '2025-10-11 22:46:53', '2025-10-11 22:46:53'),
(120, 6, 10, '2025-09-13', 0, '08:46:00', '17:15:00', '2025-10-11 22:46:53', '2025-10-11 22:46:53'),
(121, 6, 1, '2025-09-04', 0, '08:00:00', '17:12:00', '2025-10-11 22:48:34', '2025-10-11 22:48:34'),
(122, 6, 2, '2025-09-04', 0, '08:00:00', '17:06:00', '2025-10-11 22:48:34', '2025-10-11 22:48:34'),
(123, 6, 3, '2025-09-04', 0, '08:00:00', '17:04:00', '2025-10-11 22:48:34', '2025-10-11 22:48:34'),
(124, 6, 4, '2025-09-04', 1, '08:00:00', '17:00:00', '2025-10-11 22:48:34', '2025-10-11 22:48:34'),
(125, 6, 5, '2025-09-04', 0, '08:12:00', '05:29:00', '2025-10-11 22:48:34', '2025-10-11 22:48:34'),
(126, 6, 6, '2025-09-04', 0, '08:00:00', '17:00:00', '2025-10-11 22:48:34', '2025-10-11 22:48:34'),
(127, 6, 7, '2025-09-04', 3, '08:50:00', '17:09:00', '2025-10-11 22:48:34', '2025-10-11 22:48:34'),
(128, 6, 8, '2025-09-04', 0, '08:01:00', '17:11:00', '2025-10-11 22:48:34', '2025-10-11 22:48:34'),
(129, 6, 9, '2025-09-04', 0, '07:57:00', '17:09:00', '2025-10-11 22:48:34', '2025-10-11 22:48:34'),
(130, 6, 10, '2025-09-04', 0, '07:56:00', '17:08:00', '2025-10-11 22:48:34', '2025-10-11 22:48:34'),
(131, 6, 1, '2025-09-05', 0, '08:00:00', '17:12:00', '2025-10-11 22:48:59', '2025-10-11 22:48:59'),
(132, 6, 2, '2025-09-05', 0, '08:00:00', '17:06:00', '2025-10-11 22:48:59', '2025-10-11 22:48:59'),
(133, 6, 3, '2025-09-05', 0, '08:00:00', '17:04:00', '2025-10-11 22:48:59', '2025-10-11 22:48:59'),
(134, 6, 4, '2025-09-05', 1, '08:00:00', '17:00:00', '2025-10-11 22:48:59', '2025-10-11 22:48:59'),
(135, 6, 5, '2025-09-05', 0, '08:12:00', '05:29:00', '2025-10-11 22:48:59', '2025-10-11 22:48:59'),
(136, 6, 6, '2025-09-05', 0, '08:00:00', '17:00:00', '2025-10-11 22:48:59', '2025-10-11 22:48:59'),
(137, 6, 7, '2025-09-05', 3, '08:50:00', '17:09:00', '2025-10-11 22:48:59', '2025-10-11 22:48:59'),
(138, 6, 8, '2025-09-05', 0, '08:01:00', '17:11:00', '2025-10-11 22:48:59', '2025-10-11 22:48:59'),
(139, 6, 9, '2025-09-05', 0, '07:57:00', '17:09:00', '2025-10-11 22:48:59', '2025-10-11 22:48:59'),
(140, 6, 10, '2025-09-05', 0, '07:56:00', '17:08:00', '2025-10-11 22:48:59', '2025-10-11 22:48:59'),
(141, 6, 1, '2025-09-07', 0, '08:00:00', '17:00:00', '2025-10-11 22:50:56', '2025-10-11 22:50:56'),
(142, 6, 2, '2025-09-07', 0, '08:00:00', '17:00:00', '2025-10-11 22:50:56', '2025-10-11 22:50:56'),
(143, 6, 3, '2025-09-07', 0, '08:00:00', '17:00:00', '2025-10-11 22:50:56', '2025-10-11 22:50:56'),
(144, 6, 4, '2025-09-07', 0, '08:00:00', '17:59:00', '2025-10-11 22:50:56', '2025-10-11 22:50:56'),
(145, 6, 5, '2025-09-07', 0, '08:59:00', '17:00:00', '2025-10-11 22:50:56', '2025-10-11 22:50:56'),
(146, 6, 6, '2025-09-07', 0, '08:00:00', '17:00:00', '2025-10-11 22:50:56', '2025-10-11 22:50:56'),
(147, 6, 7, '2025-09-07', 0, '08:00:00', '17:00:00', '2025-10-11 22:50:56', '2025-10-11 22:50:56'),
(148, 6, 8, '2025-09-07', 0, '08:00:00', '17:00:00', '2025-10-11 22:50:56', '2025-10-11 22:50:56'),
(149, 6, 9, '2025-09-07', 0, '08:00:00', '17:00:00', '2025-10-11 22:50:56', '2025-10-11 22:50:56'),
(150, 6, 10, '2025-09-07', 0, '08:00:00', '17:00:00', '2025-10-11 22:50:56', '2025-10-11 22:50:56'),
(151, 6, 1, '2025-09-06', 0, '08:00:00', '20:00:00', '2025-10-11 22:51:20', '2025-10-11 22:51:20'),
(152, 6, 2, '2025-09-06', 0, '08:00:00', '20:00:00', '2025-10-11 22:51:20', '2025-10-11 22:51:20'),
(153, 6, 3, '2025-09-06', 0, '08:00:00', NULL, '2025-10-11 22:51:20', '2025-10-11 22:51:20'),
(154, 6, 4, '2025-09-06', 0, '08:00:00', '17:00:00', '2025-10-11 22:51:20', '2025-10-11 22:51:20'),
(155, 6, 5, '2025-09-06', 0, '08:00:00', '17:00:00', '2025-10-11 22:51:20', '2025-10-11 22:51:20'),
(156, 6, 6, '2025-09-06', 0, '08:00:00', '17:00:00', '2025-10-11 22:51:20', '2025-10-11 22:51:20'),
(157, 6, 7, '2025-09-06', 0, '08:00:00', '17:00:00', '2025-10-11 22:51:20', '2025-10-11 22:51:20'),
(158, 6, 8, '2025-09-06', 0, '08:00:00', '17:00:00', '2025-10-11 22:51:20', '2025-10-11 22:51:20'),
(159, 6, 9, '2025-09-06', 0, '08:00:00', '17:00:00', '2025-10-11 22:51:20', '2025-10-11 22:51:20'),
(160, 6, 10, '2025-09-06', 0, '08:00:00', '17:00:00', '2025-10-11 22:51:20', '2025-10-11 22:51:20'),
(161, 6, 1, '2025-09-08', 0, '08:00:00', '17:00:00', '2025-10-11 22:51:50', '2025-10-12 00:13:10'),
(162, 6, 2, '2025-09-08', 0, '08:00:00', '17:00:00', '2025-10-11 22:51:50', '2025-10-12 00:13:10'),
(163, 6, 3, '2025-09-08', 0, '08:00:00', '17:13:00', '2025-10-11 22:51:50', '2025-10-12 00:13:10'),
(164, 6, 4, '2025-09-08', 0, '08:00:00', '17:00:00', '2025-10-11 22:51:50', '2025-10-11 22:51:50'),
(165, 6, 5, '2025-09-08', 0, '08:00:00', '17:00:00', '2025-10-11 22:51:50', '2025-10-11 22:51:50'),
(166, 6, 6, '2025-09-08', 0, '08:00:00', '17:00:00', '2025-10-11 22:51:50', '2025-10-11 22:51:50'),
(167, 6, 7, '2025-09-08', 0, '08:00:00', '17:00:00', '2025-10-11 22:51:50', '2025-10-11 22:51:50'),
(168, 6, 8, '2025-09-08', 0, '08:00:00', '17:00:00', '2025-10-11 22:51:50', '2025-10-11 22:51:50'),
(169, 6, 9, '2025-09-08', 0, '08:00:00', '17:00:00', '2025-10-11 22:51:50', '2025-10-11 22:51:50'),
(170, 6, 10, '2025-09-08', 0, '08:00:00', '17:00:00', '2025-10-11 22:51:51', '2025-10-11 22:51:51'),
(171, 6, 1, '2025-09-09', 0, '08:00:00', '20:00:00', '2025-10-11 22:52:14', '2025-10-11 22:52:14'),
(172, 6, 2, '2025-09-09', 0, '08:00:00', '20:00:00', '2025-10-11 22:52:14', '2025-10-11 22:52:14'),
(173, 6, 3, '2025-09-09', 0, '08:00:00', NULL, '2025-10-11 22:52:14', '2025-10-11 22:52:14'),
(174, 6, 4, '2025-09-09', 0, '08:00:00', '17:00:00', '2025-10-11 22:52:14', '2025-10-11 22:52:14'),
(175, 6, 5, '2025-09-09', 0, '08:00:00', '17:00:00', '2025-10-11 22:52:14', '2025-10-11 22:52:14'),
(176, 6, 6, '2025-09-09', 0, '08:00:00', '17:00:00', '2025-10-11 22:52:14', '2025-10-11 22:52:14'),
(177, 6, 7, '2025-09-09', 0, '08:00:00', '17:00:00', '2025-10-11 22:52:14', '2025-10-11 22:52:14'),
(178, 6, 8, '2025-09-09', 0, '08:00:00', '17:00:00', '2025-10-11 22:52:14', '2025-10-11 22:52:14'),
(179, 6, 9, '2025-09-09', 0, '08:00:00', '17:00:00', '2025-10-11 22:52:14', '2025-10-11 22:52:14'),
(180, 6, 10, '2025-09-09', 0, '08:00:00', '17:00:00', '2025-10-11 22:52:14', '2025-10-11 22:52:14'),
(181, 6, 1, '2025-09-11', 0, '08:00:00', '20:00:00', '2025-10-11 22:52:40', '2025-10-11 22:52:40'),
(182, 6, 2, '2025-09-11', 0, '08:00:00', '20:00:00', '2025-10-11 22:52:40', '2025-10-11 22:52:40'),
(183, 6, 3, '2025-09-11', 0, '08:00:00', NULL, '2025-10-11 22:52:40', '2025-10-11 22:52:40'),
(184, 6, 4, '2025-09-11', 0, '08:00:00', '17:00:00', '2025-10-11 22:52:40', '2025-10-11 22:52:40'),
(185, 6, 5, '2025-09-11', 0, '08:00:00', '17:00:00', '2025-10-11 22:52:40', '2025-10-11 22:52:40'),
(186, 6, 6, '2025-09-11', 0, '08:00:00', '17:00:00', '2025-10-11 22:52:40', '2025-10-11 22:52:40'),
(187, 6, 7, '2025-09-11', 0, '08:00:00', '17:00:00', '2025-10-11 22:52:40', '2025-10-11 22:52:40'),
(188, 6, 8, '2025-09-11', 0, '08:00:00', '17:00:00', '2025-10-11 22:52:40', '2025-10-11 22:52:40'),
(189, 6, 9, '2025-09-11', 0, '08:00:00', '17:00:00', '2025-10-11 22:52:40', '2025-10-11 22:52:40'),
(190, 6, 10, '2025-09-11', 0, '08:00:00', '17:00:00', '2025-10-11 22:52:40', '2025-10-11 22:52:40'),
(191, 6, 1, '2025-09-12', 0, '08:00:00', '17:02:00', '2025-10-11 22:53:03', '2025-10-11 23:59:43'),
(192, 6, 2, '2025-09-12', 0, '08:00:00', '17:00:00', '2025-10-11 22:53:03', '2025-10-11 23:59:43'),
(193, 6, 3, '2025-09-12', 0, '08:00:00', '17:00:00', '2025-10-11 22:53:03', '2025-10-11 23:59:43'),
(194, 6, 4, '2025-09-12', 0, '08:00:00', '17:00:00', '2025-10-11 22:53:03', '2025-10-11 22:53:03'),
(195, 6, 5, '2025-09-12', 0, '08:00:00', '17:00:00', '2025-10-11 22:53:03', '2025-10-11 22:53:03'),
(196, 6, 6, '2025-09-12', 0, '08:00:00', '17:00:00', '2025-10-11 22:53:03', '2025-10-11 22:53:03'),
(197, 6, 7, '2025-09-12', 3, '08:56:00', '05:00:00', '2025-10-11 22:53:03', '2025-10-11 23:59:43'),
(198, 6, 8, '2025-09-12', 0, NULL, NULL, '2025-10-11 22:53:03', '2025-10-11 23:59:43'),
(199, 6, 9, '2025-09-12', 1, '08:00:00', '17:00:00', '2025-10-11 22:53:03', '2025-10-11 23:59:43'),
(200, 6, 10, '2025-09-12', 0, '08:00:00', '17:00:00', '2025-10-11 22:53:03', '2025-10-11 22:53:03'),
(201, 6, 1, '2025-09-14', 0, '08:00:00', '20:00:00', '2025-10-11 22:53:30', '2025-10-11 22:53:30'),
(202, 6, 2, '2025-09-14', 0, '08:00:00', '20:00:00', '2025-10-11 22:53:30', '2025-10-11 22:53:30'),
(203, 6, 3, '2025-09-14', 0, '08:00:00', NULL, '2025-10-11 22:53:30', '2025-10-11 22:53:30'),
(204, 6, 4, '2025-09-14', 0, '08:00:00', '17:00:00', '2025-10-11 22:53:30', '2025-10-11 22:53:30'),
(205, 6, 5, '2025-09-14', 0, '08:00:00', '17:00:00', '2025-10-11 22:53:30', '2025-10-11 22:53:30'),
(206, 6, 6, '2025-09-14', 0, '08:00:00', '17:00:00', '2025-10-11 22:53:30', '2025-10-11 22:53:30'),
(207, 6, 7, '2025-09-14', 0, '08:00:00', '17:00:00', '2025-10-11 22:53:30', '2025-10-11 22:53:30'),
(208, 6, 8, '2025-09-14', 0, '08:00:00', '17:00:00', '2025-10-11 22:53:30', '2025-10-11 22:53:30'),
(209, 6, 9, '2025-09-14', 0, '08:00:00', '17:00:00', '2025-10-11 22:53:30', '2025-10-11 22:53:30'),
(210, 6, 10, '2025-09-14', 0, '08:00:00', '17:00:00', '2025-10-11 22:53:30', '2025-10-11 22:53:30'),
(211, 6, 1, '2025-09-15', 0, '08:00:00', '20:00:00', '2025-10-11 22:54:18', '2025-10-11 22:54:18'),
(212, 6, 2, '2025-09-15', 0, '08:00:00', '20:00:00', '2025-10-11 22:54:18', '2025-10-11 22:54:18'),
(213, 6, 3, '2025-09-15', 0, '08:00:00', NULL, '2025-10-11 22:54:18', '2025-10-11 22:54:18'),
(214, 6, 4, '2025-09-15', 0, '08:00:00', '17:00:00', '2025-10-11 22:54:18', '2025-10-11 22:54:18'),
(215, 6, 5, '2025-09-15', 0, '08:00:00', '17:00:00', '2025-10-11 22:54:18', '2025-10-11 22:54:18'),
(216, 6, 6, '2025-09-15', 0, '08:00:00', '17:00:00', '2025-10-11 22:54:18', '2025-10-11 22:54:18'),
(217, 6, 7, '2025-09-15', 0, '08:00:00', '17:00:00', '2025-10-11 22:54:18', '2025-10-11 22:54:18'),
(218, 6, 8, '2025-09-15', 0, '08:00:00', '17:00:00', '2025-10-11 22:54:18', '2025-10-11 22:54:18'),
(219, 6, 9, '2025-09-15', 0, '08:00:00', '17:00:00', '2025-10-11 22:54:18', '2025-10-11 22:54:18'),
(220, 6, 10, '2025-09-15', 0, '08:00:00', '17:00:00', '2025-10-11 22:54:18', '2025-10-11 22:54:18'),
(221, 6, 1, '2025-09-16', 0, '08:00:00', '20:00:00', '2025-10-11 22:54:40', '2025-10-11 22:54:40'),
(222, 6, 2, '2025-09-16', 0, '08:00:00', '20:00:00', '2025-10-11 22:54:40', '2025-10-11 22:54:40'),
(223, 6, 3, '2025-09-16', 0, '08:00:00', NULL, '2025-10-11 22:54:40', '2025-10-11 22:54:40'),
(224, 6, 4, '2025-09-16', 0, '08:00:00', '17:00:00', '2025-10-11 22:54:40', '2025-10-11 22:54:40'),
(225, 6, 5, '2025-09-16', 0, '08:00:00', '17:00:00', '2025-10-11 22:54:40', '2025-10-11 22:54:40'),
(226, 6, 6, '2025-09-16', 0, '08:00:00', '17:00:00', '2025-10-11 22:54:40', '2025-10-11 22:54:40'),
(227, 6, 7, '2025-09-16', 0, '08:00:00', '17:00:00', '2025-10-11 22:54:40', '2025-10-11 22:54:40'),
(228, 6, 8, '2025-09-16', 0, '08:00:00', '17:00:00', '2025-10-11 22:54:40', '2025-10-11 22:54:40'),
(229, 6, 9, '2025-09-16', 0, '08:00:00', '17:00:00', '2025-10-11 22:54:40', '2025-10-11 22:54:40'),
(230, 6, 10, '2025-09-16', 0, '08:00:00', '17:00:00', '2025-10-11 22:54:40', '2025-10-11 22:54:40'),
(231, 6, 1, '2025-09-17', 0, '08:00:00', '17:00:00', '2025-10-11 23:00:34', '2025-10-11 23:00:34'),
(232, 6, 2, '2025-09-17', 0, '08:00:00', '17:00:00', '2025-10-11 23:00:34', '2025-10-11 23:00:34'),
(233, 6, 3, '2025-09-17', 0, '08:00:00', '17:00:00', '2025-10-11 23:00:34', '2025-10-11 23:00:34'),
(234, 6, 4, '2025-09-17', 0, '08:00:00', '17:00:00', '2025-10-11 23:00:34', '2025-10-11 23:00:34'),
(235, 6, 5, '2025-09-17', 1, '08:00:00', '17:00:00', '2025-10-11 23:00:34', '2025-10-11 23:00:34'),
(236, 6, 6, '2025-09-17', 0, '08:00:00', '17:00:00', '2025-10-11 23:00:34', '2025-10-11 23:00:34'),
(237, 6, 7, '2025-09-17', 2, '08:00:00', '17:00:00', '2025-10-11 23:00:34', '2025-10-11 23:00:34'),
(238, 6, 8, '2025-09-17', 0, '08:00:00', '17:00:00', '2025-10-11 23:00:34', '2025-10-11 23:00:34'),
(239, 6, 9, '2025-09-17', 0, '08:00:00', '17:00:00', '2025-10-11 23:00:34', '2025-10-11 23:00:34'),
(240, 6, 10, '2025-09-17', 0, '08:00:00', '17:00:00', '2025-10-11 23:00:34', '2025-10-11 23:00:34'),
(241, 6, 1, '2025-09-18', 0, '08:01:00', '05:01:00', '2025-10-11 23:05:05', '2025-10-11 23:05:05'),
(242, 6, 2, '2025-09-18', 0, '08:00:00', '17:01:00', '2025-10-11 23:05:05', '2025-10-11 23:05:05'),
(243, 6, 3, '2025-09-18', 0, '08:01:00', '17:00:00', '2025-10-11 23:05:05', '2025-10-11 23:05:05'),
(244, 6, 4, '2025-09-18', 3, '08:57:00', '17:04:00', '2025-10-11 23:05:05', '2025-10-11 23:05:05'),
(245, 6, 5, '2025-09-18', 0, '08:02:00', '17:02:00', '2025-10-11 23:05:05', '2025-10-11 23:05:05'),
(246, 6, 6, '2025-09-18', 1, '08:00:00', '05:00:00', '2025-10-11 23:05:05', '2025-10-11 23:05:05'),
(247, 6, 7, '2025-09-18', 0, '08:00:00', '17:03:00', '2025-10-11 23:05:05', '2025-10-11 23:05:05'),
(248, 6, 8, '2025-09-18', 0, '08:00:00', '17:04:00', '2025-10-11 23:05:05', '2025-10-11 23:05:05'),
(249, 6, 9, '2025-09-18', 0, '08:00:00', '17:04:00', '2025-10-11 23:05:05', '2025-10-11 23:05:05'),
(250, 6, 10, '2025-09-18', 2, NULL, NULL, '2025-10-11 23:05:05', '2025-10-11 23:05:05'),
(251, 6, 1, '2025-09-19', 0, '08:05:00', '17:05:00', '2025-10-11 23:08:31', '2025-10-11 23:08:31'),
(252, 6, 2, '2025-09-19', 0, '20:05:00', '17:06:00', '2025-10-11 23:08:31', '2025-10-11 23:08:31'),
(253, 6, 3, '2025-09-19', 3, '08:59:00', '17:06:00', '2025-10-11 23:08:31', '2025-10-11 23:08:31'),
(254, 6, 4, '2025-09-19', 0, '08:00:00', '17:02:00', '2025-10-11 23:08:31', '2025-10-11 23:08:31'),
(255, 6, 5, '2025-09-19', 0, '08:00:00', '17:07:00', '2025-10-11 23:08:31', '2025-10-11 23:08:31'),
(256, 6, 6, '2025-09-19', 2, NULL, NULL, '2025-10-11 23:08:31', '2025-10-11 23:08:31'),
(257, 6, 7, '2025-09-19', 0, '08:07:00', '17:07:00', '2025-10-11 23:08:31', '2025-10-11 23:08:31'),
(258, 6, 8, '2025-09-19', 4, '08:01:00', '00:10:00', '2025-10-11 23:08:31', '2025-10-11 23:08:31'),
(259, 6, 9, '2025-09-19', 0, '08:08:00', '17:11:00', '2025-10-11 23:08:31', '2025-10-11 23:08:31'),
(260, 6, 10, '2025-09-19', 0, '08:00:00', '17:08:00', '2025-10-11 23:08:31', '2025-10-11 23:08:31'),
(261, 6, 1, '2025-09-20', 0, '08:08:00', '17:14:00', '2025-10-11 23:12:10', '2025-10-11 23:12:10'),
(262, 6, 2, '2025-09-20', 0, '08:14:00', '17:10:00', '2025-10-11 23:12:10', '2025-10-11 23:12:10'),
(263, 6, 3, '2025-09-20', 0, '08:00:00', '17:10:00', '2025-10-11 23:12:10', '2025-10-11 23:12:10'),
(264, 6, 4, '2025-09-20', 0, '08:05:00', '17:15:00', '2025-10-11 23:12:10', '2025-10-11 23:12:10'),
(265, 6, 5, '2025-09-20', 1, '08:00:00', '05:00:00', '2025-10-11 23:12:10', '2025-10-11 23:12:10'),
(266, 6, 6, '2025-09-20', 0, '08:00:00', '17:12:00', '2025-10-11 23:12:10', '2025-10-11 23:12:10'),
(267, 6, 7, '2025-09-20', 2, NULL, NULL, '2025-10-11 23:12:10', '2025-10-11 23:12:10'),
(268, 6, 8, '2025-09-20', 4, '08:11:00', '12:11:00', '2025-10-11 23:12:10', '2025-10-11 23:12:10'),
(269, 6, 9, '2025-09-20', 0, '08:06:00', '17:12:00', '2025-10-11 23:12:10', '2025-10-11 23:12:10'),
(270, 6, 10, '2025-09-20', 0, '08:00:00', '17:00:00', '2025-10-11 23:12:10', '2025-10-11 23:12:10'),
(271, 6, 1, '2025-09-21', 0, '08:00:00', '20:00:00', '2025-10-11 23:13:21', '2025-10-11 23:13:21'),
(272, 6, 2, '2025-09-21', 0, '08:00:00', '20:00:00', '2025-10-11 23:13:21', '2025-10-11 23:13:21'),
(273, 6, 3, '2025-09-21', 0, '08:00:00', NULL, '2025-10-11 23:13:21', '2025-10-11 23:13:21'),
(274, 6, 4, '2025-09-21', 0, '08:00:00', '17:00:00', '2025-10-11 23:13:21', '2025-10-11 23:13:21'),
(275, 6, 5, '2025-09-21', 0, '08:00:00', '17:00:00', '2025-10-11 23:13:21', '2025-10-11 23:13:21'),
(276, 6, 6, '2025-09-21', 0, '08:00:00', '17:00:00', '2025-10-11 23:13:21', '2025-10-11 23:13:21'),
(277, 6, 7, '2025-09-21', 0, '08:00:00', '17:00:00', '2025-10-11 23:13:21', '2025-10-11 23:13:21'),
(278, 6, 8, '2025-09-21', 0, '08:00:00', '17:00:00', '2025-10-11 23:13:21', '2025-10-11 23:13:21'),
(279, 6, 9, '2025-09-21', 0, '08:00:00', '17:00:00', '2025-10-11 23:13:21', '2025-10-11 23:13:21'),
(280, 6, 10, '2025-09-21', 0, '08:00:00', '17:00:00', '2025-10-11 23:13:21', '2025-10-11 23:13:21'),
(281, 6, 1, '2025-09-22', 0, '07:51:00', '17:01:00', '2025-10-11 23:14:01', '2025-10-11 23:14:01'),
(282, 6, 2, '2025-09-22', 0, '07:56:00', '17:03:00', '2025-10-11 23:14:01', '2025-10-11 23:14:01'),
(283, 6, 3, '2025-09-22', 3, '08:51:00', '05:23:00', '2025-10-11 23:14:01', '2025-10-11 23:14:01'),
(284, 6, 4, '2025-09-22', 0, '08:00:00', '17:03:00', '2025-10-11 23:14:02', '2025-10-11 23:14:02'),
(285, 6, 5, '2025-09-22', 0, '08:23:00', '17:01:00', '2025-10-11 23:14:02', '2025-10-11 23:14:02'),
(286, 6, 6, '2025-09-22', 0, '07:56:00', '17:00:00', '2025-10-11 23:14:02', '2025-10-11 23:14:02'),
(287, 6, 7, '2025-09-22', 0, '07:56:00', '17:10:00', '2025-10-11 23:14:02', '2025-10-11 23:14:02'),
(288, 6, 8, '2025-09-22', 2, NULL, NULL, '2025-10-11 23:14:02', '2025-10-11 23:14:02'),
(289, 6, 9, '2025-09-22', 4, '08:00:00', '00:22:00', '2025-10-11 23:14:02', '2025-10-11 23:14:02'),
(290, 6, 10, '2025-09-22', 0, '08:05:00', '17:04:00', '2025-10-11 23:14:02', '2025-10-11 23:14:02'),
(291, 6, 1, '2025-09-23', 0, '08:00:00', '17:00:00', '2025-10-11 23:15:08', '2025-10-11 23:15:08'),
(292, 6, 2, '2025-09-23', 0, '08:00:00', '17:00:00', '2025-10-11 23:15:08', '2025-10-11 23:15:08'),
(293, 6, 3, '2025-09-23', 0, '08:00:00', '17:00:00', '2025-10-11 23:15:08', '2025-10-11 23:15:08'),
(294, 6, 4, '2025-09-23', 0, '08:00:00', '17:00:00', '2025-10-11 23:15:08', '2025-10-11 23:15:08'),
(295, 6, 5, '2025-09-23', 0, '08:00:00', '17:00:00', '2025-10-11 23:15:08', '2025-10-11 23:15:08'),
(296, 6, 6, '2025-09-23', 0, '08:00:00', '17:00:00', '2025-10-11 23:15:08', '2025-10-11 23:15:08'),
(297, 6, 7, '2025-09-23', 0, '08:00:00', '17:00:00', '2025-10-11 23:15:08', '2025-10-11 23:15:08'),
(298, 6, 8, '2025-09-23', 0, '08:00:00', '17:00:00', '2025-10-11 23:15:08', '2025-10-11 23:15:08'),
(299, 6, 9, '2025-09-23', 0, '08:00:00', '17:59:00', '2025-10-11 23:15:08', '2025-10-11 23:15:08'),
(300, 6, 10, '2025-09-23', 0, '08:00:00', '17:00:00', '2025-10-11 23:15:08', '2025-10-11 23:15:08'),
(301, 6, 1, '2025-09-25', 0, '08:00:00', '20:00:00', '2025-10-11 23:16:34', '2025-10-11 23:16:34'),
(302, 6, 2, '2025-09-25', 0, '08:00:00', '20:00:00', '2025-10-11 23:16:34', '2025-10-11 23:16:34'),
(303, 6, 3, '2025-09-25', 0, '08:00:00', NULL, '2025-10-11 23:16:34', '2025-10-11 23:16:34'),
(304, 6, 4, '2025-09-25', 0, '08:00:00', '17:00:00', '2025-10-11 23:16:34', '2025-10-11 23:16:34'),
(305, 6, 5, '2025-09-25', 0, '08:00:00', '17:00:00', '2025-10-11 23:16:34', '2025-10-11 23:16:34'),
(306, 6, 6, '2025-09-25', 0, '08:00:00', '17:00:00', '2025-10-11 23:16:34', '2025-10-11 23:16:34'),
(307, 6, 7, '2025-09-25', 0, '08:00:00', '17:00:00', '2025-10-11 23:16:34', '2025-10-11 23:16:34'),
(308, 6, 8, '2025-09-25', 0, '08:00:00', '17:00:00', '2025-10-11 23:16:34', '2025-10-11 23:16:34'),
(309, 6, 9, '2025-09-25', 0, '08:00:00', '17:00:00', '2025-10-11 23:16:34', '2025-10-11 23:16:34'),
(310, 6, 10, '2025-09-25', 0, '08:00:00', '17:00:00', '2025-10-11 23:16:34', '2025-10-11 23:16:34'),
(311, 6, 1, '2025-09-24', 0, '08:00:00', '17:17:00', '2025-10-11 23:21:44', '2025-10-11 23:21:44'),
(312, 6, 2, '2025-09-24', 0, '08:00:00', '17:00:00', '2025-10-11 23:21:44', '2025-10-11 23:21:44'),
(313, 6, 3, '2025-09-24', 0, '08:00:00', '17:18:00', '2025-10-11 23:21:44', '2025-10-11 23:21:44'),
(314, 6, 4, '2025-09-24', 0, '08:00:00', '17:09:00', '2025-10-11 23:21:44', '2025-10-11 23:21:44'),
(315, 6, 5, '2025-09-24', 3, '08:59:00', '17:11:00', '2025-10-11 23:21:44', '2025-10-11 23:21:44'),
(316, 6, 6, '2025-09-24', 4, '08:00:00', '12:20:00', '2025-10-11 23:21:44', '2025-10-11 23:21:44'),
(317, 6, 7, '2025-09-24', 2, NULL, NULL, '2025-10-11 23:21:45', '2025-10-11 23:21:45'),
(318, 6, 8, '2025-09-24', 0, '08:01:00', '17:24:00', '2025-10-11 23:21:45', '2025-10-11 23:21:45'),
(319, 6, 9, '2025-09-24', 0, '08:02:00', '17:21:00', '2025-10-11 23:21:45', '2025-10-11 23:21:45'),
(320, 6, 10, '2025-09-24', 0, '08:00:00', '17:21:00', '2025-10-11 23:21:45', '2025-10-11 23:21:45'),
(321, 6, 1, '2025-09-26', 0, '08:00:00', '17:22:00', '2025-10-11 23:25:51', '2025-10-11 23:25:51'),
(322, 6, 2, '2025-09-26', 0, '07:55:00', '17:22:00', '2025-10-11 23:25:51', '2025-10-11 23:25:51'),
(323, 6, 3, '2025-09-26', 2, NULL, NULL, '2025-10-11 23:25:51', '2025-10-11 23:25:51'),
(324, 6, 4, '2025-09-26', 0, '07:58:00', '17:24:00', '2025-10-11 23:25:51', '2025-10-11 23:25:51'),
(325, 6, 5, '2025-09-26', 0, '08:00:00', '17:08:00', '2025-10-11 23:25:51', '2025-10-11 23:25:51'),
(326, 6, 6, '2025-09-26', 0, '08:23:00', '17:13:00', '2025-10-11 23:25:51', '2025-10-11 23:25:51'),
(327, 6, 7, '2025-09-26', 0, '08:00:00', '17:00:00', '2025-10-11 23:25:51', '2025-10-11 23:25:51'),
(328, 6, 8, '2025-09-26', 0, '08:00:00', '05:24:00', '2025-10-11 23:25:51', '2025-10-11 23:25:51'),
(329, 6, 9, '2025-09-26', 4, '08:00:00', '00:30:00', '2025-10-11 23:25:51', '2025-10-11 23:25:51'),
(330, 6, 10, '2025-09-26', 0, '08:00:00', '17:03:00', '2025-10-11 23:25:51', '2025-10-11 23:25:51'),
(331, 6, 1, '2025-09-27', 0, '08:44:00', '17:00:00', '2025-10-11 23:52:44', '2025-10-11 23:52:44'),
(332, 6, 2, '2025-09-27', 0, '08:00:00', '17:03:00', '2025-10-11 23:52:44', '2025-10-11 23:52:44'),
(333, 6, 3, '2025-09-27', 0, '08:00:00', '17:00:00', '2025-10-11 23:52:44', '2025-10-11 23:52:44'),
(334, 6, 4, '2025-09-27', 0, '08:00:00', '17:00:00', '2025-10-11 23:52:44', '2025-10-11 23:52:44'),
(335, 6, 5, '2025-09-27', 0, '08:47:00', '17:00:00', '2025-10-11 23:52:44', '2025-10-11 23:52:44'),
(336, 6, 6, '2025-09-27', 0, '08:00:00', '17:04:00', '2025-10-11 23:52:44', '2025-10-11 23:52:44'),
(337, 6, 7, '2025-09-27', 0, '08:00:00', '17:18:00', '2025-10-11 23:52:44', '2025-10-11 23:52:44'),
(338, 6, 8, '2025-09-27', 4, '08:00:00', '12:29:00', '2025-10-11 23:52:44', '2025-10-11 23:52:44'),
(339, 6, 9, '2025-09-27', 2, NULL, NULL, '2025-10-11 23:52:44', '2025-10-11 23:52:44'),
(340, 6, 10, '2025-09-27', 0, '08:04:00', '17:00:00', '2025-10-11 23:52:44', '2025-10-11 23:52:44'),
(341, 6, 1, '2025-09-28', 0, '08:00:00', '17:01:00', '2025-10-11 23:55:58', '2025-10-11 23:55:58'),
(342, 6, 2, '2025-09-28', 0, '08:00:00', '16:59:00', '2025-10-11 23:55:58', '2025-10-11 23:55:58'),
(343, 6, 3, '2025-09-28', 0, '08:00:00', '17:00:00', '2025-10-11 23:55:58', '2025-10-11 23:55:58'),
(344, 6, 4, '2025-09-28', 0, '08:00:00', '17:00:00', '2025-10-11 23:55:58', '2025-10-11 23:55:58'),
(345, 6, 5, '2025-09-28', 0, '08:00:00', '17:00:00', '2025-10-11 23:55:58', '2025-10-11 23:55:58'),
(346, 6, 6, '2025-09-28', 0, '08:00:00', '17:01:00', '2025-10-11 23:55:58', '2025-10-11 23:55:58'),
(347, 6, 7, '2025-09-28', 2, NULL, NULL, '2025-10-11 23:55:58', '2025-10-11 23:55:58'),
(348, 6, 8, '2025-09-28', 0, '08:00:00', '05:00:00', '2025-10-11 23:55:58', '2025-10-11 23:55:58'),
(349, 6, 9, '2025-09-28', 3, '08:55:00', '17:00:00', '2025-10-11 23:55:58', '2025-10-11 23:55:58'),
(350, 6, 10, '2025-09-28', 0, '08:00:00', '05:00:00', '2025-10-11 23:55:58', '2025-10-11 23:55:58'),
(351, 6, 1, '2025-09-29', 0, '07:59:00', '17:03:00', '2025-10-12 00:04:23', '2025-10-12 00:04:23'),
(352, 6, 2, '2025-09-29', 0, '08:05:00', '17:05:00', '2025-10-12 00:04:23', '2025-10-12 00:04:23'),
(353, 6, 3, '2025-09-29', 0, '08:01:00', '17:04:00', '2025-10-12 00:04:23', '2025-10-12 00:04:23'),
(354, 6, 4, '2025-09-29', 0, '08:02:00', '17:06:00', '2025-10-12 00:04:23', '2025-10-12 00:04:23'),
(355, 6, 5, '2025-09-29', 4, '07:59:00', '00:07:00', '2025-10-12 00:04:23', '2025-10-12 00:04:23'),
(356, 6, 6, '2025-09-29', 0, '08:00:00', '17:00:00', '2025-10-12 00:04:23', '2025-10-12 00:04:23'),
(357, 6, 7, '2025-09-29', 0, '08:03:00', '17:08:00', '2025-10-12 00:04:23', '2025-10-12 00:04:23'),
(358, 6, 8, '2025-09-29', 2, NULL, NULL, '2025-10-12 00:04:23', '2025-10-12 00:04:23'),
(359, 6, 9, '2025-09-29', 0, '08:03:00', '17:09:00', '2025-10-12 00:04:23', '2025-10-12 00:04:23'),
(360, 6, 10, '2025-09-29', 0, '08:06:00', '17:06:00', '2025-10-12 00:04:23', '2025-10-12 00:04:23'),
(361, 6, 1, '2025-09-30', 0, '07:59:00', '17:08:00', '2025-10-12 00:11:29', '2025-10-12 00:11:29'),
(362, 6, 2, '2025-09-30', 0, '08:06:00', '17:07:00', '2025-10-12 00:11:29', '2025-10-12 00:11:29'),
(363, 6, 3, '2025-09-30', 0, '08:07:00', '17:09:00', '2025-10-12 00:11:29', '2025-10-12 00:11:29'),
(364, 6, 4, '2025-09-30', 0, '08:08:00', '17:08:00', '2025-10-12 00:11:29', '2025-10-12 00:11:29'),
(365, 6, 5, '2025-09-30', 0, '08:08:00', '17:09:00', '2025-10-12 00:11:29', '2025-10-12 00:11:29'),
(366, 6, 6, '2025-09-30', 0, '08:10:00', '17:10:00', '2025-10-12 00:11:29', '2025-10-12 00:11:29'),
(367, 6, 7, '2025-09-30', 0, '08:10:00', '17:10:00', '2025-10-12 00:11:29', '2025-10-12 00:11:29'),
(368, 6, 8, '2025-09-30', 0, '08:00:00', '17:11:00', '2025-10-12 00:11:29', '2025-10-12 00:11:29'),
(369, 6, 9, '2025-09-30', 1, '08:00:00', '17:00:00', '2025-10-12 00:11:29', '2025-10-12 00:11:29'),
(370, 6, 10, '2025-09-30', 2, NULL, NULL, '2025-10-12 00:11:29', '2025-10-12 00:11:29'),
(371, 6, 1, '2025-10-01', 0, '07:51:00', '17:01:00', '2025-10-15 22:16:58', '2025-10-15 22:16:58'),
(372, 6, 2, '2025-10-01', 0, '07:56:00', '17:03:00', '2025-10-15 22:16:58', '2025-10-15 22:16:58'),
(373, 6, 3, '2025-10-01', 3, '08:51:00', '05:23:00', '2025-10-15 22:16:58', '2025-10-15 22:16:58'),
(374, 6, 4, '2025-10-01', 0, '08:00:00', '17:03:00', '2025-10-15 22:16:58', '2025-10-15 22:16:58'),
(375, 6, 5, '2025-10-01', 0, '08:23:00', '17:01:00', '2025-10-15 22:16:58', '2025-10-15 22:16:58'),
(376, 6, 6, '2025-10-01', 0, '07:56:00', '17:00:00', '2025-10-15 22:16:58', '2025-10-15 22:16:58'),
(377, 6, 7, '2025-10-01', 0, '07:56:00', '17:10:00', '2025-10-15 22:16:58', '2025-10-15 22:16:58'),
(378, 6, 8, '2025-10-01', 2, NULL, NULL, '2025-10-15 22:16:58', '2025-10-15 22:16:58'),
(379, 6, 9, '2025-10-01', 4, '08:00:00', '00:22:00', '2025-10-15 22:16:58', '2025-10-15 22:16:58'),
(380, 6, 10, '2025-10-01', 0, '08:05:00', '17:04:00', '2025-10-15 22:16:58', '2025-10-15 22:16:58'),
(381, 6, 1, '2025-10-02', 0, '07:59:00', '17:08:00', '2025-10-15 22:17:39', '2025-10-15 22:17:39'),
(382, 6, 2, '2025-10-02', 0, '08:06:00', '17:07:00', '2025-10-15 22:17:39', '2025-10-15 22:17:39'),
(383, 6, 3, '2025-10-02', 0, '08:07:00', '17:09:00', '2025-10-15 22:17:39', '2025-10-15 22:17:39'),
(384, 6, 4, '2025-10-02', 0, '08:08:00', '17:08:00', '2025-10-15 22:17:39', '2025-10-15 22:17:39'),
(385, 6, 5, '2025-10-02', 0, '08:08:00', '17:09:00', '2025-10-15 22:17:39', '2025-10-15 22:17:39'),
(386, 6, 6, '2025-10-02', 0, '08:10:00', '17:10:00', '2025-10-15 22:17:39', '2025-10-15 22:17:39'),
(387, 6, 7, '2025-10-02', 0, '08:10:00', '17:10:00', '2025-10-15 22:17:39', '2025-10-15 22:17:39'),
(388, 6, 8, '2025-10-02', 0, '08:00:00', '17:11:00', '2025-10-15 22:17:39', '2025-10-15 22:17:39'),
(389, 6, 9, '2025-10-02', 1, '08:00:00', '17:00:00', '2025-10-15 22:17:39', '2025-10-15 22:17:39'),
(390, 6, 10, '2025-10-02', 2, NULL, NULL, '2025-10-15 22:17:39', '2025-10-15 22:17:39'),
(391, 6, 1, '2025-10-03', 0, '07:59:00', '17:03:00', '2025-10-15 22:18:24', '2025-10-15 22:18:24'),
(392, 6, 2, '2025-10-03', 0, '08:05:00', '17:05:00', '2025-10-15 22:18:24', '2025-10-15 22:18:24'),
(393, 6, 3, '2025-10-03', 0, '08:01:00', '17:04:00', '2025-10-15 22:18:24', '2025-10-15 22:18:24'),
(394, 6, 4, '2025-10-03', 0, '08:02:00', '17:06:00', '2025-10-15 22:18:24', '2025-10-15 22:18:24'),
(395, 6, 5, '2025-10-03', 4, '07:59:00', '00:07:00', '2025-10-15 22:18:24', '2025-10-15 22:18:24'),
(396, 6, 6, '2025-10-03', 0, '08:00:00', '17:00:00', '2025-10-15 22:18:24', '2025-10-15 22:18:24'),
(397, 6, 7, '2025-10-03', 0, '08:03:00', '17:08:00', '2025-10-15 22:18:24', '2025-10-15 22:18:24'),
(398, 6, 8, '2025-10-03', 2, NULL, NULL, '2025-10-15 22:18:24', '2025-10-15 22:18:24'),
(399, 6, 9, '2025-10-03', 0, '08:03:00', '17:09:00', '2025-10-15 22:18:25', '2025-10-15 22:18:25'),
(400, 6, 10, '2025-10-03', 0, '08:06:00', '17:06:00', '2025-10-15 22:18:25', '2025-10-15 22:18:25'),
(401, 6, 1, '2025-10-10', 0, '08:00:00', '17:12:00', '2025-10-15 22:19:03', '2025-10-15 22:19:03'),
(402, 6, 2, '2025-10-10', 0, '08:00:00', '17:06:00', '2025-10-15 22:19:03', '2025-10-15 22:19:03'),
(403, 6, 3, '2025-10-10', 0, '08:00:00', '17:04:00', '2025-10-15 22:19:03', '2025-10-15 22:19:03'),
(404, 6, 4, '2025-10-10', 1, '08:00:00', '17:00:00', '2025-10-15 22:19:03', '2025-10-15 22:19:03'),
(405, 6, 5, '2025-10-10', 0, '08:12:00', '05:29:00', '2025-10-15 22:19:03', '2025-10-15 22:19:03'),
(406, 6, 6, '2025-10-10', 0, '08:00:00', '17:00:00', '2025-10-15 22:19:03', '2025-10-15 22:19:03'),
(407, 6, 7, '2025-10-10', 3, '08:50:00', '17:09:00', '2025-10-15 22:19:03', '2025-10-15 22:19:03'),
(408, 6, 8, '2025-10-10', 0, '08:01:00', '17:11:00', '2025-10-15 22:19:03', '2025-10-15 22:19:03'),
(409, 6, 9, '2025-10-10', 0, '07:57:00', '17:09:00', '2025-10-15 22:19:03', '2025-10-15 22:19:03'),
(410, 6, 10, '2025-10-10', 0, '07:56:00', '17:08:00', '2025-10-15 22:19:03', '2025-10-15 22:19:03'),
(411, 6, 1, '2025-10-12', 0, '08:00:00', '17:02:00', '2025-10-15 22:19:36', '2025-10-15 22:19:36'),
(412, 6, 2, '2025-10-12', 0, '08:00:00', '17:00:00', '2025-10-15 22:19:36', '2025-10-15 22:19:36'),
(413, 6, 3, '2025-10-12', 0, '08:00:00', '17:00:00', '2025-10-15 22:19:36', '2025-10-15 22:19:36'),
(414, 6, 4, '2025-10-12', 0, '08:00:00', '17:00:00', '2025-10-15 22:19:36', '2025-10-15 22:19:36'),
(415, 6, 5, '2025-10-12', 0, '08:00:00', '17:00:00', '2025-10-15 22:19:36', '2025-10-15 22:19:36'),
(416, 6, 6, '2025-10-12', 0, '08:00:00', '17:00:00', '2025-10-15 22:19:36', '2025-10-15 22:19:36'),
(417, 6, 7, '2025-10-12', 3, '08:56:00', '05:00:00', '2025-10-15 22:19:36', '2025-10-15 22:19:36'),
(418, 6, 8, '2025-10-12', 0, NULL, NULL, '2025-10-15 22:19:36', '2025-10-15 22:19:36'),
(419, 6, 9, '2025-10-12', 1, '08:00:00', '17:00:00', '2025-10-15 22:19:36', '2025-10-15 22:19:36'),
(420, 6, 10, '2025-10-12', 0, '08:00:00', '17:00:00', '2025-10-15 22:19:36', '2025-10-15 22:19:36'),
(421, 6, 1, '2025-10-13', 0, '08:07:00', '17:11:00', '2025-10-15 22:20:13', '2025-10-15 22:20:13'),
(422, 6, 2, '2025-10-13', 0, '08:59:00', '17:04:00', '2025-10-15 22:20:13', '2025-10-15 22:20:13'),
(423, 6, 3, '2025-10-13', 0, '08:02:00', '17:00:00', '2025-10-15 22:20:13', '2025-10-15 22:20:13'),
(424, 6, 4, '2025-10-13', 0, '08:00:00', '17:00:00', '2025-10-15 22:20:13', '2025-10-15 22:20:13'),
(425, 6, 5, '2025-10-13', 0, '08:02:00', '17:03:00', '2025-10-15 22:20:13', '2025-10-15 22:20:13'),
(426, 6, 6, '2025-10-13', 0, '08:00:00', '17:07:00', '2025-10-15 22:20:13', '2025-10-15 22:20:13'),
(427, 6, 7, '2025-10-13', 0, NULL, NULL, '2025-10-15 22:20:13', '2025-10-15 22:20:13'),
(428, 6, 8, '2025-10-13', 0, '08:05:00', '17:12:00', '2025-10-15 22:20:13', '2025-10-15 22:20:13'),
(429, 6, 9, '2025-10-13', 0, '08:19:00', '17:00:00', '2025-10-15 22:20:13', '2025-10-15 22:20:13'),
(430, 6, 10, '2025-10-13', 0, '08:46:00', '17:15:00', '2025-10-15 22:20:13', '2025-10-15 22:20:13'),
(431, 6, 1, '2025-10-14', 0, '08:00:00', '20:00:00', '2025-10-15 22:20:34', '2025-10-15 22:20:34'),
(432, 6, 2, '2025-10-14', 0, '08:00:00', '20:00:00', '2025-10-15 22:20:34', '2025-10-15 22:20:34'),
(433, 6, 3, '2025-10-14', 0, '08:00:00', NULL, '2025-10-15 22:20:34', '2025-10-15 22:20:34'),
(434, 6, 4, '2025-10-14', 0, '08:00:00', '17:00:00', '2025-10-15 22:20:34', '2025-10-15 22:20:34'),
(435, 6, 5, '2025-10-14', 0, '08:00:00', '17:00:00', '2025-10-15 22:20:34', '2025-10-15 22:20:34'),
(436, 6, 6, '2025-10-14', 0, '08:00:00', '17:00:00', '2025-10-15 22:20:34', '2025-10-15 22:20:34'),
(437, 6, 7, '2025-10-14', 0, '08:00:00', '17:00:00', '2025-10-15 22:20:34', '2025-10-15 22:20:34'),
(438, 6, 8, '2025-10-14', 0, '08:00:00', '17:00:00', '2025-10-15 22:20:34', '2025-10-15 22:20:34'),
(439, 6, 9, '2025-10-14', 0, '08:00:00', '17:00:00', '2025-10-15 22:20:34', '2025-10-15 22:20:34'),
(440, 6, 10, '2025-10-14', 0, '08:00:00', '17:00:00', '2025-10-15 22:20:34', '2025-10-15 22:20:34'),
(441, 6, 1, '2025-10-15', 0, '08:00:00', '20:00:00', '2025-10-15 22:20:50', '2025-10-15 22:20:50'),
(442, 6, 2, '2025-10-15', 0, '08:00:00', '20:00:00', '2025-10-15 22:20:50', '2025-10-15 22:20:50'),
(443, 6, 3, '2025-10-15', 0, '08:00:00', NULL, '2025-10-15 22:20:50', '2025-10-15 22:20:50'),
(444, 6, 4, '2025-10-15', 0, '08:00:00', '17:00:00', '2025-10-15 22:20:50', '2025-10-15 22:20:50'),
(445, 6, 5, '2025-10-15', 0, '08:00:00', '17:00:00', '2025-10-15 22:20:50', '2025-10-15 22:20:50'),
(446, 6, 6, '2025-10-15', 0, '08:00:00', '17:00:00', '2025-10-15 22:20:51', '2025-10-15 22:20:51'),
(447, 6, 7, '2025-10-15', 0, '08:00:00', '17:00:00', '2025-10-15 22:20:51', '2025-10-15 22:20:51'),
(448, 6, 8, '2025-10-15', 0, '08:00:00', '17:00:00', '2025-10-15 22:20:51', '2025-10-15 22:20:51'),
(449, 6, 9, '2025-10-15', 0, '08:00:00', '17:00:00', '2025-10-15 22:20:51', '2025-10-15 22:20:51'),
(450, 6, 10, '2025-10-15', 0, '08:00:00', '17:00:00', '2025-10-15 22:20:51', '2025-10-15 22:20:51'),
(451, 6, 1, '2025-10-16', 0, '08:00:00', '20:00:00', '2025-10-15 22:21:25', '2025-10-15 22:21:25'),
(452, 6, 2, '2025-10-16', 0, '08:00:00', '20:00:00', '2025-10-15 22:21:25', '2025-10-15 22:21:25'),
(453, 6, 3, '2025-10-16', 0, '08:00:00', NULL, '2025-10-15 22:21:25', '2025-10-15 22:21:25'),
(454, 6, 4, '2025-10-16', 0, '08:00:00', '17:00:00', '2025-10-15 22:21:25', '2025-10-15 22:21:25'),
(455, 6, 5, '2025-10-16', 0, '08:00:00', '17:00:00', '2025-10-15 22:21:25', '2025-10-15 22:21:25'),
(456, 6, 6, '2025-10-16', 0, '08:00:00', '17:00:00', '2025-10-15 22:21:25', '2025-10-15 22:21:25'),
(457, 6, 7, '2025-10-16', 0, '08:00:00', '17:00:00', '2025-10-15 22:21:25', '2025-10-15 22:21:25'),
(458, 6, 8, '2025-10-16', 0, '08:00:00', '17:00:00', '2025-10-15 22:21:25', '2025-10-15 22:21:25'),
(459, 6, 9, '2025-10-16', 0, '08:00:00', '17:00:00', '2025-10-15 22:21:25', '2025-10-15 22:21:25'),
(460, 6, 10, '2025-10-16', 0, '08:00:00', '17:00:00', '2025-10-15 22:21:25', '2025-10-15 22:21:25'),
(461, 6, 1, '2025-10-17', 0, '08:00:00', '17:00:00', '2025-10-15 22:22:01', '2025-10-15 22:22:01'),
(462, 6, 2, '2025-10-17', 0, '08:00:00', '17:00:00', '2025-10-15 22:22:01', '2025-10-15 22:22:01'),
(463, 6, 3, '2025-10-17', 0, '08:00:00', '17:00:00', '2025-10-15 22:22:01', '2025-10-15 22:22:01'),
(464, 6, 4, '2025-10-17', 0, '08:00:00', '17:00:00', '2025-10-15 22:22:01', '2025-10-15 22:22:01'),
(465, 6, 5, '2025-10-17', 1, '08:00:00', '17:00:00', '2025-10-15 22:22:01', '2025-10-15 22:22:01'),
(466, 6, 6, '2025-10-17', 0, '08:00:00', '17:00:00', '2025-10-15 22:22:01', '2025-10-15 22:22:01'),
(467, 6, 7, '2025-10-17', 2, '08:00:00', '17:00:00', '2025-10-15 22:22:01', '2025-10-15 22:22:01'),
(468, 6, 8, '2025-10-17', 0, '08:00:00', '17:00:00', '2025-10-15 22:22:01', '2025-10-15 22:22:01'),
(469, 6, 9, '2025-10-17', 0, '08:00:00', '17:00:00', '2025-10-15 22:22:01', '2025-10-15 22:22:01'),
(470, 6, 10, '2025-10-17', 0, '08:00:00', '17:00:00', '2025-10-15 22:22:02', '2025-10-15 22:22:02'),
(471, 6, 1, '2025-10-18', 0, '08:01:00', '05:01:00', '2025-10-15 22:22:22', '2025-10-15 22:22:22'),
(472, 6, 2, '2025-10-18', 0, '08:00:00', '17:01:00', '2025-10-15 22:22:22', '2025-10-15 22:22:22'),
(473, 6, 3, '2025-10-18', 0, '08:01:00', '17:00:00', '2025-10-15 22:22:22', '2025-10-15 22:22:22'),
(474, 6, 4, '2025-10-18', 3, '08:57:00', '17:04:00', '2025-10-15 22:22:22', '2025-10-15 22:22:22'),
(475, 6, 5, '2025-10-18', 0, '08:02:00', '17:02:00', '2025-10-15 22:22:22', '2025-10-15 22:22:22'),
(476, 6, 6, '2025-10-18', 1, '08:00:00', '05:00:00', '2025-10-15 22:22:22', '2025-10-15 22:22:22'),
(477, 6, 7, '2025-10-18', 0, '08:00:00', '17:03:00', '2025-10-15 22:22:22', '2025-10-15 22:22:22'),
(478, 6, 8, '2025-10-18', 0, '08:00:00', '17:04:00', '2025-10-15 22:22:22', '2025-10-15 22:22:22'),
(479, 6, 9, '2025-10-18', 0, '08:00:00', '17:04:00', '2025-10-15 22:22:22', '2025-10-15 22:22:22'),
(480, 6, 10, '2025-10-18', 2, NULL, NULL, '2025-10-15 22:22:22', '2025-10-15 22:22:22'),
(481, 6, 1, '2025-10-19', 0, '08:05:00', '17:05:00', '2025-10-15 22:24:45', '2025-10-15 22:24:45'),
(482, 6, 2, '2025-10-19', 0, '20:05:00', '17:06:00', '2025-10-15 22:24:45', '2025-10-15 22:24:45'),
(483, 6, 3, '2025-10-19', 3, '08:59:00', '17:06:00', '2025-10-15 22:24:45', '2025-10-15 22:24:45'),
(484, 6, 4, '2025-10-19', 0, '08:00:00', '17:02:00', '2025-10-15 22:24:45', '2025-10-15 22:24:45'),
(485, 6, 5, '2025-10-19', 0, '08:00:00', '17:07:00', '2025-10-15 22:24:45', '2025-10-15 22:24:45'),
(486, 6, 6, '2025-10-19', 2, NULL, NULL, '2025-10-15 22:24:45', '2025-10-15 22:24:45'),
(487, 6, 7, '2025-10-19', 0, '08:07:00', '17:07:00', '2025-10-15 22:24:45', '2025-10-15 22:24:45'),
(488, 6, 8, '2025-10-19', 4, '08:01:00', '00:10:00', '2025-10-15 22:24:45', '2025-10-15 22:24:45'),
(489, 6, 9, '2025-10-19', 0, '08:08:00', '17:11:00', '2025-10-15 22:24:45', '2025-10-15 22:24:45'),
(490, 6, 10, '2025-10-19', 0, '08:00:00', '17:08:00', '2025-10-15 22:24:45', '2025-10-15 22:24:45'),
(491, 6, 1, '2025-10-20', 0, '08:08:00', '17:14:00', '2025-10-15 22:25:07', '2025-10-15 22:25:07'),
(492, 6, 2, '2025-10-20', 0, '08:14:00', '17:10:00', '2025-10-15 22:25:07', '2025-10-15 22:25:07'),
(493, 6, 3, '2025-10-20', 0, '08:00:00', '17:10:00', '2025-10-15 22:25:07', '2025-10-15 22:25:07'),
(494, 6, 4, '2025-10-20', 0, '08:05:00', '17:15:00', '2025-10-15 22:25:07', '2025-10-15 22:25:07'),
(495, 6, 5, '2025-10-20', 1, '08:00:00', '05:00:00', '2025-10-15 22:25:07', '2025-10-15 22:25:07'),
(496, 6, 6, '2025-10-20', 0, '08:00:00', '17:12:00', '2025-10-15 22:25:07', '2025-10-15 22:25:07'),
(497, 6, 7, '2025-10-20', 2, NULL, NULL, '2025-10-15 22:25:07', '2025-10-15 22:25:07'),
(498, 6, 8, '2025-10-20', 4, '08:11:00', '12:11:00', '2025-10-15 22:25:07', '2025-10-15 22:25:07'),
(499, 6, 9, '2025-10-20', 0, '08:06:00', '17:12:00', '2025-10-15 22:25:07', '2025-10-15 22:25:07'),
(500, 6, 10, '2025-10-20', 0, '08:00:00', '17:00:00', '2025-10-15 22:25:07', '2025-10-15 22:25:07'),
(501, 6, 1, '2025-10-21', 0, '08:00:00', '20:00:00', '2025-10-15 22:25:33', '2025-10-15 22:25:33'),
(502, 6, 2, '2025-10-21', 0, '08:00:00', '20:00:00', '2025-10-15 22:25:33', '2025-10-15 22:25:33'),
(503, 6, 3, '2025-10-21', 0, '08:00:00', NULL, '2025-10-15 22:25:33', '2025-10-15 22:25:33'),
(504, 6, 4, '2025-10-21', 0, '08:00:00', '17:00:00', '2025-10-15 22:25:33', '2025-10-15 22:25:33'),
(505, 6, 5, '2025-10-21', 0, '08:00:00', '17:00:00', '2025-10-15 22:25:33', '2025-10-15 22:25:33'),
(506, 6, 6, '2025-10-21', 0, '08:00:00', '17:00:00', '2025-10-15 22:25:33', '2025-10-15 22:25:33'),
(507, 6, 7, '2025-10-21', 0, '08:00:00', '17:00:00', '2025-10-15 22:25:33', '2025-10-15 22:25:33'),
(508, 6, 8, '2025-10-21', 0, '08:00:00', '17:00:00', '2025-10-15 22:25:33', '2025-10-15 22:25:33'),
(509, 6, 9, '2025-10-21', 0, '08:00:00', '17:00:00', '2025-10-15 22:25:33', '2025-10-15 22:25:33'),
(510, 6, 10, '2025-10-21', 0, '08:00:00', '17:00:00', '2025-10-15 22:25:33', '2025-10-15 22:25:33'),
(511, 6, 1, '2025-10-22', 0, '07:51:00', '17:01:00', '2025-10-15 22:26:59', '2025-10-15 22:26:59'),
(512, 6, 2, '2025-10-22', 0, '07:56:00', '17:03:00', '2025-10-15 22:26:59', '2025-10-15 22:26:59'),
(513, 6, 3, '2025-10-22', 3, '08:51:00', '05:23:00', '2025-10-15 22:26:59', '2025-10-15 22:26:59');
INSERT INTO `attendances` (`id`, `company_id`, `employee_id`, `date`, `status`, `check_in`, `check_out`, `created_at`, `updated_at`) VALUES
(514, 6, 4, '2025-10-22', 0, '08:00:00', '17:03:00', '2025-10-15 22:26:59', '2025-10-15 22:26:59'),
(515, 6, 5, '2025-10-22', 0, '08:23:00', '17:01:00', '2025-10-15 22:26:59', '2025-10-15 22:26:59'),
(516, 6, 6, '2025-10-22', 0, '07:56:00', '17:00:00', '2025-10-15 22:26:59', '2025-10-15 22:26:59'),
(517, 6, 7, '2025-10-22', 0, '07:56:00', '17:10:00', '2025-10-15 22:26:59', '2025-10-15 22:26:59'),
(518, 6, 8, '2025-10-22', 2, NULL, NULL, '2025-10-15 22:26:59', '2025-10-15 22:26:59'),
(519, 6, 9, '2025-10-22', 4, '08:00:00', '00:22:00', '2025-10-15 22:26:59', '2025-10-15 22:26:59'),
(520, 6, 10, '2025-10-22', 0, '08:05:00', '17:04:00', '2025-10-15 22:27:00', '2025-10-15 22:27:00'),
(521, 6, 1, '2025-10-23', 0, '08:00:00', '17:00:00', '2025-10-15 22:27:28', '2025-10-15 22:27:28'),
(522, 6, 2, '2025-10-23', 0, '08:00:00', '17:00:00', '2025-10-15 22:27:28', '2025-10-15 22:27:28'),
(523, 6, 3, '2025-10-23', 0, '08:00:00', '17:00:00', '2025-10-15 22:27:28', '2025-10-15 22:27:28'),
(524, 6, 4, '2025-10-23', 0, '08:00:00', '17:00:00', '2025-10-15 22:27:28', '2025-10-15 22:27:28'),
(525, 6, 5, '2025-10-23', 0, '08:00:00', '17:00:00', '2025-10-15 22:27:28', '2025-10-15 22:27:28'),
(526, 6, 6, '2025-10-23', 0, '08:00:00', '17:00:00', '2025-10-15 22:27:28', '2025-10-15 22:27:28'),
(527, 6, 7, '2025-10-23', 0, '08:00:00', '17:00:00', '2025-10-15 22:27:28', '2025-10-15 22:27:28'),
(528, 6, 8, '2025-10-23', 0, '08:00:00', '17:00:00', '2025-10-15 22:27:28', '2025-10-15 22:27:28'),
(529, 6, 9, '2025-10-23', 0, '08:00:00', '17:59:00', '2025-10-15 22:27:28', '2025-10-15 22:27:28'),
(530, 6, 10, '2025-10-23', 0, '08:00:00', '17:00:00', '2025-10-15 22:27:28', '2025-10-15 22:27:28'),
(531, 6, 1, '2025-10-24', 0, '08:00:00', '17:17:00', '2025-10-15 22:28:19', '2025-10-15 22:28:19'),
(532, 6, 2, '2025-10-24', 0, '08:00:00', '17:00:00', '2025-10-15 22:28:19', '2025-10-15 22:28:19'),
(533, 6, 3, '2025-10-24', 0, '08:00:00', '17:18:00', '2025-10-15 22:28:20', '2025-10-15 22:28:20'),
(534, 6, 4, '2025-10-24', 0, '08:00:00', '17:09:00', '2025-10-15 22:28:20', '2025-10-15 22:28:20'),
(535, 6, 5, '2025-10-24', 3, '08:59:00', '17:11:00', '2025-10-15 22:28:20', '2025-10-15 22:28:20'),
(536, 6, 6, '2025-10-24', 4, '08:00:00', '12:20:00', '2025-10-15 22:28:20', '2025-10-15 22:28:20'),
(537, 6, 7, '2025-10-24', 2, NULL, NULL, '2025-10-15 22:28:20', '2025-10-15 22:28:20'),
(538, 6, 8, '2025-10-24', 0, '08:01:00', '17:24:00', '2025-10-15 22:28:20', '2025-10-15 22:28:20'),
(539, 6, 9, '2025-10-24', 0, '08:02:00', '17:21:00', '2025-10-15 22:28:20', '2025-10-15 22:28:20'),
(540, 6, 10, '2025-10-24', 0, '08:00:00', '17:21:00', '2025-10-15 22:28:20', '2025-10-15 22:28:20'),
(541, 6, 1, '2025-10-25', 0, '08:00:00', '20:00:00', '2025-10-15 22:29:06', '2025-10-15 22:29:06'),
(542, 6, 2, '2025-10-25', 0, '08:00:00', '20:00:00', '2025-10-15 22:29:06', '2025-10-15 22:29:06'),
(543, 6, 3, '2025-10-25', 0, '08:00:00', NULL, '2025-10-15 22:29:06', '2025-10-15 22:29:06'),
(544, 6, 4, '2025-10-25', 0, '08:00:00', '17:00:00', '2025-10-15 22:29:06', '2025-10-15 22:29:06'),
(545, 6, 5, '2025-10-25', 0, '08:00:00', '17:00:00', '2025-10-15 22:29:06', '2025-10-15 22:29:06'),
(546, 6, 6, '2025-10-25', 0, '08:00:00', '17:00:00', '2025-10-15 22:29:06', '2025-10-15 22:29:06'),
(547, 6, 7, '2025-10-25', 0, '08:00:00', '17:00:00', '2025-10-15 22:29:06', '2025-10-15 22:29:06'),
(548, 6, 8, '2025-10-25', 0, '08:00:00', '17:00:00', '2025-10-15 22:29:06', '2025-10-15 22:29:06'),
(549, 6, 9, '2025-10-25', 0, '08:00:00', '17:00:00', '2025-10-15 22:29:06', '2025-10-15 22:29:06'),
(550, 6, 10, '2025-10-25', 0, '08:00:00', '17:00:00', '2025-10-15 22:29:06', '2025-10-15 22:29:06'),
(551, 6, 1, '2025-10-26', 0, '08:00:00', '17:22:00', '2025-10-15 22:29:28', '2025-10-15 22:29:28'),
(552, 6, 2, '2025-10-26', 0, '07:55:00', '17:22:00', '2025-10-15 22:29:28', '2025-10-15 22:29:28'),
(553, 6, 3, '2025-10-26', 2, NULL, NULL, '2025-10-15 22:29:28', '2025-10-15 22:29:28'),
(554, 6, 4, '2025-10-26', 0, '07:58:00', '17:24:00', '2025-10-15 22:29:28', '2025-10-15 22:29:28'),
(555, 6, 5, '2025-10-26', 0, '08:00:00', '17:08:00', '2025-10-15 22:29:28', '2025-10-15 22:29:28'),
(556, 6, 6, '2025-10-26', 0, '08:23:00', '17:13:00', '2025-10-15 22:29:28', '2025-10-15 22:29:28'),
(557, 6, 7, '2025-10-26', 0, '08:00:00', '17:00:00', '2025-10-15 22:29:28', '2025-10-15 22:29:28'),
(558, 6, 8, '2025-10-26', 0, '08:00:00', '05:24:00', '2025-10-15 22:29:28', '2025-10-15 22:29:28'),
(559, 6, 9, '2025-10-26', 4, '08:00:00', '00:30:00', '2025-10-15 22:29:28', '2025-10-15 22:29:28'),
(560, 6, 10, '2025-10-26', 0, '08:00:00', '17:03:00', '2025-10-15 22:29:28', '2025-10-15 22:29:28'),
(561, 6, 1, '2025-10-27', 0, '08:44:00', '17:00:00', '2025-10-15 22:30:11', '2025-10-15 22:30:11'),
(562, 6, 2, '2025-10-27', 0, '08:00:00', '17:03:00', '2025-10-15 22:30:11', '2025-10-15 22:30:11'),
(563, 6, 3, '2025-10-27', 0, '08:00:00', '17:00:00', '2025-10-15 22:30:11', '2025-10-15 22:30:11'),
(564, 6, 4, '2025-10-27', 0, '08:00:00', '17:00:00', '2025-10-15 22:30:11', '2025-10-15 22:30:11'),
(565, 6, 5, '2025-10-27', 0, '08:47:00', '17:00:00', '2025-10-15 22:30:11', '2025-10-15 22:30:11'),
(566, 6, 6, '2025-10-27', 0, '08:00:00', '17:04:00', '2025-10-15 22:30:11', '2025-10-15 22:30:11'),
(567, 6, 7, '2025-10-27', 0, '08:00:00', '17:18:00', '2025-10-15 22:30:11', '2025-10-15 22:30:11'),
(568, 6, 8, '2025-10-27', 4, '08:00:00', '12:29:00', '2025-10-15 22:30:11', '2025-10-15 22:30:11'),
(569, 6, 9, '2025-10-27', 2, NULL, NULL, '2025-10-15 22:30:11', '2025-10-15 22:30:11'),
(570, 6, 10, '2025-10-27', 0, '08:04:00', '17:00:00', '2025-10-15 22:30:11', '2025-10-15 22:30:11'),
(571, 6, 1, '2025-10-28', 0, '08:00:00', '17:01:00', '2025-10-15 22:30:36', '2025-10-15 22:30:36'),
(572, 6, 2, '2025-10-28', 0, '08:00:00', '16:59:00', '2025-10-15 22:30:36', '2025-10-15 22:30:36'),
(573, 6, 3, '2025-10-28', 0, '08:00:00', '17:00:00', '2025-10-15 22:30:36', '2025-10-15 22:30:36'),
(574, 6, 4, '2025-10-28', 0, '08:00:00', '17:00:00', '2025-10-15 22:30:36', '2025-10-15 22:30:36'),
(575, 6, 5, '2025-10-28', 0, '08:00:00', '17:00:00', '2025-10-15 22:30:36', '2025-10-15 22:30:36'),
(576, 6, 6, '2025-10-28', 0, '08:00:00', '17:01:00', '2025-10-15 22:30:36', '2025-10-15 22:30:36'),
(577, 6, 7, '2025-10-28', 2, NULL, NULL, '2025-10-15 22:30:36', '2025-10-15 22:30:36'),
(578, 6, 8, '2025-10-28', 0, '08:00:00', '05:00:00', '2025-10-15 22:30:36', '2025-10-15 22:30:36'),
(579, 6, 9, '2025-10-28', 3, '08:55:00', '17:00:00', '2025-10-15 22:30:36', '2025-10-15 22:30:36'),
(580, 6, 10, '2025-10-28', 0, '08:00:00', '05:00:00', '2025-10-15 22:30:36', '2025-10-15 22:30:36'),
(581, 6, 1, '2025-10-29', 0, '07:59:00', '17:03:00', '2025-10-15 22:31:11', '2025-10-15 22:31:11'),
(582, 6, 2, '2025-10-29', 0, '08:05:00', '17:05:00', '2025-10-15 22:31:11', '2025-10-15 22:31:11'),
(583, 6, 3, '2025-10-29', 0, '08:01:00', '17:04:00', '2025-10-15 22:31:11', '2025-10-15 22:31:11'),
(584, 6, 4, '2025-10-29', 0, '08:02:00', '17:06:00', '2025-10-15 22:31:11', '2025-10-15 22:31:11'),
(585, 6, 5, '2025-10-29', 4, '07:59:00', '00:07:00', '2025-10-15 22:31:11', '2025-10-15 22:31:11'),
(586, 6, 6, '2025-10-29', 0, '08:00:00', '17:00:00', '2025-10-15 22:31:11', '2025-10-15 22:31:11'),
(587, 6, 7, '2025-10-29', 0, '08:03:00', '17:08:00', '2025-10-15 22:31:11', '2025-10-15 22:31:11'),
(588, 6, 8, '2025-10-29', 2, NULL, NULL, '2025-10-15 22:31:11', '2025-10-15 22:31:11'),
(589, 6, 9, '2025-10-29', 0, '08:03:00', '17:09:00', '2025-10-15 22:31:11', '2025-10-15 22:31:11'),
(590, 6, 10, '2025-10-29', 0, '08:06:00', '17:06:00', '2025-10-15 22:31:11', '2025-10-15 22:31:11');

-- --------------------------------------------------------

--
-- Table structure for table `bonuses`
--

CREATE TABLE `bonuses` (
  `id` bigint(20) UNSIGNED NOT NULL,
  `company_id` bigint(20) UNSIGNED NOT NULL,
  `employee_id` bigint(20) UNSIGNED NOT NULL,
  `type` enum('Festival','Motivational') NOT NULL DEFAULT 'Motivational',
  `amount` decimal(12,2) NOT NULL DEFAULT 0.00,
  `date` date NOT NULL,
  `created_at` timestamp NULL DEFAULT NULL,
  `updated_at` timestamp NULL DEFAULT NULL
) ENGINE=InnoDB DEFAULT CHARSET=utf8mb4 COLLATE=utf8mb4_unicode_ci;

-- --------------------------------------------------------

--
-- Table structure for table `branches`
--

CREATE TABLE `branches` (
  `id` bigint(20) UNSIGNED NOT NULL,
  `company_id` bigint(20) UNSIGNED NOT NULL,
  `branch_name` varchar(255) NOT NULL,
  `branch_contact_number` varchar(255) DEFAULT NULL,
  `branch_email` varchar(255) DEFAULT NULL,
  `branch_status` enum('active','inactive') NOT NULL DEFAULT 'active',
  `branch_location` varchar(255) DEFAULT NULL,
  `created_at` timestamp NULL DEFAULT NULL,
  `updated_at` timestamp NULL DEFAULT NULL
) ENGINE=InnoDB DEFAULT CHARSET=utf8mb4 COLLATE=utf8mb4_unicode_ci;

--
-- Dumping data for table `branches`
--

INSERT INTO `branches` (`id`, `company_id`, `branch_name`, `branch_contact_number`, `branch_email`, `branch_status`, `branch_location`, `created_at`, `updated_at`) VALUES
(6, 6, 'kgrupe Main Branch', NULL, NULL, 'active', NULL, '2025-10-11 00:08:34', '2025-10-11 00:08:34');

-- --------------------------------------------------------

--
-- Table structure for table `companies`
--

CREATE TABLE `companies` (
  `id` bigint(20) UNSIGNED NOT NULL,
  `organization_id` bigint(20) UNSIGNED NOT NULL,
  `company_name` varchar(255) NOT NULL,
  `company_contact_number` varchar(255) DEFAULT NULL,
  `company_email` varchar(255) DEFAULT NULL,
  `company_address` text DEFAULT NULL,
  `company_status` enum('active','inactive') NOT NULL DEFAULT 'active',
  `created_at` timestamp NULL DEFAULT NULL,
  `updated_at` timestamp NULL DEFAULT NULL
) ENGINE=InnoDB DEFAULT CHARSET=utf8mb4 COLLATE=utf8mb4_unicode_ci;

--
-- Dumping data for table `companies`
--

INSERT INTO `companies` (`id`, `organization_id`, `company_name`, `company_contact_number`, `company_email`, `company_address`, `company_status`, `created_at`, `updated_at`) VALUES
(6, 6, 'kgrupe', '123', 'kamal@gmail.com', NULL, 'active', '2025-10-11 00:08:34', '2025-10-11 00:08:34');

-- --------------------------------------------------------

--
-- Table structure for table `departments`
--

CREATE TABLE `departments` (
  `id` bigint(20) UNSIGNED NOT NULL,
  `company_id` bigint(20) UNSIGNED NOT NULL,
  `name` varchar(255) NOT NULL,
  `created_at` timestamp NULL DEFAULT NULL,
  `updated_at` timestamp NULL DEFAULT NULL
) ENGINE=InnoDB DEFAULT CHARSET=utf8mb4 COLLATE=utf8mb4_unicode_ci;

--
-- Dumping data for table `departments`
--

INSERT INTO `departments` (`id`, `company_id`, `name`, `created_at`, `updated_at`) VALUES
(1, 6, 'Junior developer', '2025-10-11 00:27:00', '2025-10-11 00:27:00'),
(2, 6, 'Senior Devloper', '2025-10-11 00:27:53', '2025-10-11 00:27:53'),
(3, 6, 'Project Manager', '2025-10-11 00:28:23', '2025-10-11 00:28:23'),
(4, 6, 'Human Resource(HR)', '2025-10-11 00:31:17', '2025-10-11 00:31:17'),
(5, 6, 'Accounts', '2025-10-11 00:31:40', '2025-10-11 00:31:40'),
(6, 6, 'IT', '2025-10-11 00:32:00', '2025-10-11 00:32:00'),
(7, 6, 'Marketing', '2025-10-11 00:32:29', '2025-10-11 00:32:29'),
(8, 6, 'Sales', '2025-10-11 00:32:45', '2025-10-11 00:32:45'),
(9, 6, 'Production', '2025-10-11 00:32:59', '2025-10-11 00:32:59');

-- --------------------------------------------------------

--
-- Table structure for table `designations`
--

CREATE TABLE `designations` (
  `id` bigint(20) UNSIGNED NOT NULL,
  `company_id` bigint(20) UNSIGNED NOT NULL,
  `title` varchar(255) NOT NULL,
  `created_at` timestamp NULL DEFAULT NULL,
  `updated_at` timestamp NULL DEFAULT NULL
) ENGINE=InnoDB DEFAULT CHARSET=utf8mb4 COLLATE=utf8mb4_unicode_ci;

--
-- Dumping data for table `designations`
--

INSERT INTO `designations` (`id`, `company_id`, `title`, `created_at`, `updated_at`) VALUES
(1, 6, 'HR Manager', '2025-10-11 00:34:23', '2025-10-11 00:34:23'),
(2, 6, 'HR Executive', '2025-10-11 00:34:40', '2025-10-11 00:34:40'),
(3, 6, 'Software Engineer', '2025-10-11 00:34:58', '2025-10-11 00:34:58'),
(4, 6, 'Senior Accountant', '2025-10-11 00:35:19', '2025-10-11 00:35:19'),
(5, 6, 'Sales Officer', '2025-10-11 00:35:35', '2025-10-11 00:35:35'),
(6, 6, 'CEO', '2025-10-11 00:35:50', '2025-10-11 00:35:50');

-- --------------------------------------------------------

--
-- Table structure for table `employees`
--

CREATE TABLE `employees` (
  `id` bigint(20) UNSIGNED NOT NULL,
  `company_id` bigint(20) UNSIGNED NOT NULL,
  `branch_id` bigint(20) UNSIGNED NOT NULL,
  `department_id` bigint(20) UNSIGNED NOT NULL,
  `designation_id` bigint(20) UNSIGNED NOT NULL,
  `shift_id` bigint(20) UNSIGNED NOT NULL,
  `name` varchar(255) NOT NULL,
  `email` varchar(255) DEFAULT NULL,
  `phone` varchar(255) DEFAULT NULL,
  `father_name` varchar(255) DEFAULT NULL,
  `mother_name` varchar(255) DEFAULT NULL,
  `date_of_birth` date DEFAULT NULL,
  `education` varchar(255) DEFAULT NULL,
  `skill` varchar(255) DEFAULT NULL,
  `join_date` date NOT NULL,
  `status` enum('active','probation','resigned','terminated') NOT NULL DEFAULT 'active',
  `created_at` timestamp NULL DEFAULT NULL,
  `updated_at` timestamp NULL DEFAULT NULL
) ENGINE=InnoDB DEFAULT CHARSET=utf8mb4 COLLATE=utf8mb4_unicode_ci;

--
-- Dumping data for table `employees`
--

INSERT INTO `employees` (`id`, `company_id`, `branch_id`, `department_id`, `designation_id`, `shift_id`, `name`, `email`, `phone`, `father_name`, `mother_name`, `date_of_birth`, `education`, `skill`, `join_date`, `status`, `created_at`, `updated_at`) VALUES
(1, 6, 6, 3, 3, 1, 'MD:Hasan', 'hasan@gmail.com', '123456', 'Abdul', 'Halima', '2001-01-01', 'MSS', 'WDPF', '2025-09-01', 'active', '2025-10-11 00:41:48', '2025-10-11 00:41:48'),
(2, 6, 6, 1, 3, 1, 'Md Nayeem', 'naeem@gamil.com', '123', 'Abdul Majid', 'Halima AKter', '1999-05-02', 'MSS', 'WDPF', '2025-09-02', 'active', '2025-10-11 00:44:49', '2025-10-11 00:44:49'),
(3, 6, 6, 1, 3, 1, 'Tanvir', 'tanvir@gamil.com', '123', 'Abdul Hamid', 'Halima banu', '2003-01-06', 'MSS', 'WDPF', '2025-09-02', 'active', '2025-10-11 00:46:37', '2025-10-11 00:46:37'),
(4, 6, 6, 1, 3, 1, 'Akib', 'akib@gamil.com', '123', 'Abdul Mabud', 'Maryum AKter', '2002-01-14', 'MSS', 'WDPF', '2025-09-04', 'active', '2025-10-11 00:48:38', '2025-10-11 00:48:38'),
(5, 6, 6, 2, 3, 1, 'Khalil', 'khalil@gamil.com', '54564', 'Abdul Majid', 'Maryum BIBI', '2003-12-29', 'MSS', 'WDPF', '2025-09-03', 'active', '2025-10-11 00:50:31', '2025-10-11 00:50:31'),
(6, 6, 6, 1, 3, 1, 'Amran', 'amran@gamil.com', '54564', 'Hamid', 'Bibi Halima', '2002-05-06', 'MSS', 'WDPF', '2025-09-02', 'active', '2025-10-11 00:52:26', '2025-10-11 00:52:26'),
(7, 6, 6, 1, 3, 1, 'Imtiaz', 'imtiaz@gamil.com', '54564', 'Hamidul', 'AKter', '2001-05-07', 'MSS', 'WDPF', '2025-09-05', 'active', '2025-10-11 00:54:18', '2025-10-11 00:54:18'),
(8, 6, 6, 5, 4, 1, 'Bristi', 'bristi@gamil.com', '54564', 'Hamidul', 'Halima Khatun', '2003-01-28', 'MBA', 'excel', '2025-09-05', 'active', '2025-10-11 00:59:13', '2025-10-11 00:59:13'),
(9, 6, 6, 7, 5, 1, 'Nafis', 'nafis@gamil.com', '54564', 'Abdul Murad', 'Bibi Jainab', '2005-02-07', 'BBA', 'MS Office', '2025-09-03', 'active', '2025-10-11 01:02:17', '2025-10-11 01:02:17'),
(10, 6, 6, 4, 2, 1, 'Raihan bhuiyan', 'rihan@gamil.com', '54564', 'Hamidul  bhuiyan', 'Maryum BIBI', '1991-01-07', 'MBA', 'MS Office', '2025-09-03', 'active', '2025-10-11 01:05:30', '2025-10-11 01:05:30');

-- --------------------------------------------------------

--
-- Table structure for table `employee_salaries`
--

CREATE TABLE `employee_salaries` (
  `id` bigint(20) UNSIGNED NOT NULL,
  `company_id` bigint(20) UNSIGNED NOT NULL,
  `employee_id` bigint(20) UNSIGNED NOT NULL,
  `basic_salary` decimal(12,2) NOT NULL,
  `allowances` decimal(12,2) NOT NULL DEFAULT 0.00,
  `pf_enabled` tinyint(1) NOT NULL DEFAULT 0,
  `pf_percentage` decimal(5,2) NOT NULL DEFAULT 0.00,
  `loan_active` tinyint(1) NOT NULL DEFAULT 0,
  `created_at` timestamp NULL DEFAULT NULL,
  `updated_at` timestamp NULL DEFAULT NULL
) ENGINE=InnoDB DEFAULT CHARSET=utf8mb4 COLLATE=utf8mb4_unicode_ci;

--
-- Dumping data for table `employee_salaries`
--

INSERT INTO `employee_salaries` (`id`, `company_id`, `employee_id`, `basic_salary`, `allowances`, `pf_enabled`, `pf_percentage`, `loan_active`, `created_at`, `updated_at`) VALUES
(1, 0, 3, 20000.00, 2000.00, 1, 6.00, 1, '2025-10-14 23:30:43', '2025-10-14 23:30:43'),
(3, 0, 2, 20000.00, 2450.00, 1, 6.00, 1, '2025-10-14 23:33:09', '2025-10-14 23:33:09'),
(4, 0, 4, 20000.00, 2450.00, 1, 5.00, 1, '2025-10-14 23:35:10', '2025-10-14 23:35:10'),
(5, 0, 1, 20000.00, 2450.00, 0, 0.00, 0, '2025-10-14 23:44:21', '2025-10-14 23:44:21'),
(6, 0, 5, 20000.00, 2450.00, 1, 5.00, 1, '2025-10-15 00:02:13', '2025-10-15 00:02:13'),
(7, 0, 10, 20000.00, 2450.00, 1, 5.00, 1, '2025-10-15 00:04:14', '2025-10-15 00:04:14'),
(8, 0, 9, 20000.00, 2450.00, 1, 5.00, 1, '2025-10-15 00:04:55', '2025-10-15 00:04:55'),
(9, 0, 8, 20000.00, 2450.00, 1, 5.00, 1, '2025-10-15 00:20:44', '2025-10-15 00:20:44'),
(10, 0, 7, 20000.00, 2450.00, 1, 5.00, 1, '2025-10-15 00:21:39', '2025-10-15 00:21:39'),
(11, 0, 6, 20000.00, 2450.00, 1, 5.00, 1, '2025-10-15 00:22:28', '2025-10-15 00:22:28');

-- --------------------------------------------------------

--
-- Table structure for table `failed_jobs`
--

CREATE TABLE `failed_jobs` (
  `id` bigint(20) UNSIGNED NOT NULL,
  `uuid` varchar(255) NOT NULL,
  `connection` text NOT NULL,
  `queue` text NOT NULL,
  `payload` longtext NOT NULL,
  `exception` longtext NOT NULL,
  `failed_at` timestamp NOT NULL DEFAULT current_timestamp()
) ENGINE=InnoDB DEFAULT CHARSET=utf8mb4 COLLATE=utf8mb4_unicode_ci;

-- --------------------------------------------------------

--
-- Table structure for table `leaves`
--

CREATE TABLE `leaves` (
  `id` bigint(20) UNSIGNED NOT NULL,
  `company_id` bigint(20) UNSIGNED NOT NULL,
  `employee_id` bigint(20) UNSIGNED NOT NULL,
  `leave_type` int(11) NOT NULL DEFAULT 0 COMMENT '0: Casual, 1: Sick, 2: Unpaid',
  `start_date` date NOT NULL,
  `end_date` date NOT NULL,
  `status` int(11) NOT NULL DEFAULT 0 COMMENT '0: Pending, 1: Approved, 2: Rejected',
  `created_at` timestamp NULL DEFAULT NULL,
  `updated_at` timestamp NULL DEFAULT NULL
) ENGINE=InnoDB DEFAULT CHARSET=utf8mb4 COLLATE=utf8mb4_unicode_ci;

--
-- Dumping data for table `leaves`
--

INSERT INTO `leaves` (`id`, `company_id`, `employee_id`, `leave_type`, `start_date`, `end_date`, `status`, `created_at`, `updated_at`) VALUES
(5, 6, 9, 0, '2025-10-15', '2025-10-18', 1, '2025-10-15 21:26:33', '2025-10-15 21:26:33'),
(7, 6, 6, 1, '2025-10-14', '2025-10-17', 1, '2025-10-16 01:52:09', '2025-10-16 01:52:09'),
(8, 6, 7, 0, '2025-10-15', '2025-10-18', 1, '2025-10-16 02:19:08', '2025-10-16 02:19:08');

-- --------------------------------------------------------

--
-- Table structure for table `leave_details`
--

CREATE TABLE `leave_details` (
  `id` bigint(20) UNSIGNED NOT NULL,
  `company_id` bigint(20) UNSIGNED NOT NULL,
  `employee_id` bigint(20) UNSIGNED NOT NULL,
  `leave_type` int(11) NOT NULL DEFAULT 0 COMMENT '0: Casual, 1: Sick, 2: Unpaid',
  `date` date NOT NULL,
  `status` int(11) NOT NULL DEFAULT 0 COMMENT '0: Pending, 1: Approved, 2: Rejected',
  `created_at` timestamp NULL DEFAULT NULL,
  `updated_at` timestamp NULL DEFAULT NULL
) ENGINE=InnoDB DEFAULT CHARSET=utf8mb4 COLLATE=utf8mb4_unicode_ci;

--
-- Dumping data for table `leave_details`
--

INSERT INTO `leave_details` (`id`, `company_id`, `employee_id`, `leave_type`, `date`, `status`, `created_at`, `updated_at`) VALUES
(8, 6, 1, 1, '2025-10-15', 1, '2025-10-14 23:12:09', '2025-10-14 23:12:09'),
(9, 6, 1, 1, '2025-10-16', 1, '2025-10-14 23:12:09', '2025-10-14 23:12:09'),
(10, 6, 1, 1, '2025-10-17', 1, '2025-10-14 23:12:09', '2025-10-14 23:12:09'),
(11, 6, 2, 0, '2025-10-15', 1, '2025-10-15 21:12:25', '2025-10-15 21:12:25'),
(12, 6, 2, 0, '2025-10-16', 1, '2025-10-15 21:12:25', '2025-10-15 21:12:25'),
(13, 6, 2, 0, '2025-10-17', 1, '2025-10-15 21:12:25', '2025-10-15 21:12:25'),
(14, 6, 2, 0, '2025-10-18', 1, '2025-10-15 21:12:25', '2025-10-15 21:12:25'),
(15, 6, 9, 0, '2025-10-15', 1, '2025-10-15 21:26:33', '2025-10-15 21:26:33'),
(16, 6, 9, 0, '2025-10-16', 1, '2025-10-15 21:26:33', '2025-10-15 21:26:33'),
(17, 6, 9, 0, '2025-10-17', 1, '2025-10-15 21:26:33', '2025-10-15 21:26:33'),
(18, 6, 9, 0, '2025-10-18', 1, '2025-10-15 21:26:33', '2025-10-15 21:26:33'),
(19, 6, 4, 0, '2025-10-29', 1, '2025-10-15 22:34:48', '2025-10-15 22:34:48'),
(20, 6, 4, 0, '2025-10-30', 1, '2025-10-15 22:34:48', '2025-10-15 22:34:48'),
(21, 6, 6, 1, '2025-10-14', 1, '2025-10-16 01:52:09', '2025-10-16 01:52:09'),
(22, 6, 6, 1, '2025-10-15', 1, '2025-10-16 01:52:10', '2025-10-16 01:52:10'),
(23, 6, 6, 1, '2025-10-16', 1, '2025-10-16 01:52:10', '2025-10-16 01:52:10'),
(24, 6, 6, 1, '2025-10-17', 1, '2025-10-16 01:52:10', '2025-10-16 01:52:10'),
(25, 6, 7, 0, '2025-10-15', 1, '2025-10-16 02:19:08', '2025-10-16 02:19:08'),
(26, 6, 7, 0, '2025-10-16', 1, '2025-10-16 02:19:08', '2025-10-16 02:19:08'),
(27, 6, 7, 0, '2025-10-17', 1, '2025-10-16 02:19:08', '2025-10-16 02:19:08'),
(28, 6, 7, 0, '2025-10-18', 1, '2025-10-16 02:19:08', '2025-10-16 02:19:08');

-- --------------------------------------------------------

--
-- Table structure for table `loans`
--

CREATE TABLE `loans` (
  `id` bigint(20) UNSIGNED NOT NULL,
  `company_id` bigint(20) UNSIGNED NOT NULL,
  `employee_id` bigint(20) UNSIGNED NOT NULL,
  `loan_amount` decimal(12,2) NOT NULL,
  `number_of_installment` int(11) NOT NULL,
  `monthly_installment` decimal(12,2) NOT NULL,
  `remaining_balance` decimal(12,2) NOT NULL,
  `start_date` date NOT NULL,
  `actual_finish_date` date DEFAULT NULL,
  `finish_date` date DEFAULT NULL,
  `status` enum('Active','Cleared') NOT NULL DEFAULT 'Active',
  `created_at` timestamp NULL DEFAULT NULL,
  `updated_at` timestamp NULL DEFAULT NULL
) ENGINE=InnoDB DEFAULT CHARSET=utf8mb4 COLLATE=utf8mb4_unicode_ci;

--
-- Dumping data for table `loans`
--

INSERT INTO `loans` (`id`, `company_id`, `employee_id`, `loan_amount`, `number_of_installment`, `monthly_installment`, `remaining_balance`, `start_date`, `actual_finish_date`, `finish_date`, `status`, `created_at`, `updated_at`) VALUES
(1, 0, 3, 5000.00, 5, 1000.00, 5000.00, '2025-09-01', NULL, '2026-02-14', 'Active', '2025-10-14 00:48:56', '2025-10-14 00:49:21'),
(2, 0, 4, 5000.00, 5, 1000.00, 5000.00, '2025-07-01', NULL, '2025-12-01', 'Active', '2025-10-14 23:15:21', '2025-10-14 23:15:21'),
(3, 0, 9, 5000.00, 5, 1000.00, 5000.00, '2025-07-01', NULL, '2025-12-01', 'Active', '2025-10-15 21:29:35', '2025-10-15 21:29:35');

-- --------------------------------------------------------

--
-- Table structure for table `migrations`
--

CREATE TABLE `migrations` (
  `id` int(10) UNSIGNED NOT NULL,
  `migration` varchar(255) NOT NULL,
  `batch` int(11) NOT NULL
) ENGINE=InnoDB DEFAULT CHARSET=utf8mb4 COLLATE=utf8mb4_unicode_ci;

--
-- Dumping data for table `migrations`
--

INSERT INTO `migrations` (`id`, `migration`, `batch`) VALUES
(1, '2014_10_12_000000_create_users_table', 1),
(2, '2014_10_12_100000_create_password_reset_tokens_table', 1),
(3, '2014_10_12_100000_create_password_resets_table', 1),
(4, '2019_08_19_000000_create_failed_jobs_table', 1),
(5, '2019_12_14_000001_create_personal_access_tokens_table', 1),
(6, '2025_09_27_044510_create_permission_tables', 1),
(7, '2025_09_30_032806_create_organizations_table', 1),
(8, '2025_09_30_033203_create_companies_table', 1),
(9, '2025_09_30_033357_create_branches_table', 1),
(10, '2025_09_30_033730_create_departments_table', 1),
(11, '2025_09_30_033825_create_designations_table', 1),
(12, '2025_09_30_033901_create_shifts_table', 1),
(13, '2025_09_30_033930_create_employees_table', 1),
(14, '2025_09_30_034225_create_employee_salaries_table', 1),
(15, '2025_10_08_160637_create_provident_funds_table', 1),
(16, '2025_10_08_160817_create_attendances_table', 1),
(17, '2025_10_08_160909_create_leaves_table', 1),
(18, '2025_10_08_160949_create_payrolls_table', 1),
(19, '2025_10_08_161004_create_loans_table', 1),
(20, '2025_10_08_161055_create_bonuses_table', 1),
(21, '2025_10_11_034455_create_leave_details_table', 1),
(22, '2025_10_14_042205_add_number_of_installment_finish_date_to_loans', 2),
(23, '2025_10_14_043623_add_column_to_payrolls', 2);

-- --------------------------------------------------------

--
-- Table structure for table `model_has_permissions`
--

CREATE TABLE `model_has_permissions` (
  `permission_id` bigint(20) UNSIGNED NOT NULL,
  `model_type` varchar(255) NOT NULL,
  `model_id` bigint(20) UNSIGNED NOT NULL
) ENGINE=InnoDB DEFAULT CHARSET=utf8mb4 COLLATE=utf8mb4_unicode_ci;

-- --------------------------------------------------------

--
-- Table structure for table `model_has_roles`
--

CREATE TABLE `model_has_roles` (
  `role_id` bigint(20) UNSIGNED NOT NULL,
  `model_type` varchar(255) NOT NULL,
  `model_id` bigint(20) UNSIGNED NOT NULL
) ENGINE=InnoDB DEFAULT CHARSET=utf8mb4 COLLATE=utf8mb4_unicode_ci;

--
-- Dumping data for table `model_has_roles`
--

INSERT INTO `model_has_roles` (`role_id`, `model_type`, `model_id`) VALUES
(1, 'App\\Models\\User', 6);

-- --------------------------------------------------------

--
-- Table structure for table `organizations`
--

CREATE TABLE `organizations` (
  `id` bigint(20) UNSIGNED NOT NULL,
  `org_name` varchar(255) NOT NULL,
  `org_contact_number` varchar(255) DEFAULT NULL,
  `org_email` varchar(255) NOT NULL,
  `org_subscription_plan` varchar(255) DEFAULT NULL,
  `org_status` enum('active','inactive') NOT NULL DEFAULT 'active',
  `created_at` timestamp NULL DEFAULT NULL,
  `updated_at` timestamp NULL DEFAULT NULL
) ENGINE=InnoDB DEFAULT CHARSET=utf8mb4 COLLATE=utf8mb4_unicode_ci;

--
-- Dumping data for table `organizations`
--

INSERT INTO `organizations` (`id`, `org_name`, `org_contact_number`, `org_email`, `org_subscription_plan`, `org_status`, `created_at`, `updated_at`) VALUES
(6, 'kgrupe', '123', 'kamal@gmail.com', NULL, 'active', '2025-10-11 00:08:34', '2025-10-11 00:08:34');

-- --------------------------------------------------------

--
-- Table structure for table `password_resets`
--

CREATE TABLE `password_resets` (
  `email` varchar(255) NOT NULL,
  `token` varchar(255) NOT NULL,
  `created_at` timestamp NULL DEFAULT NULL
) ENGINE=InnoDB DEFAULT CHARSET=utf8mb4 COLLATE=utf8mb4_unicode_ci;

-- --------------------------------------------------------

--
-- Table structure for table `password_reset_tokens`
--

CREATE TABLE `password_reset_tokens` (
  `email` varchar(255) NOT NULL,
  `token` varchar(255) NOT NULL,
  `created_at` timestamp NULL DEFAULT NULL
) ENGINE=InnoDB DEFAULT CHARSET=utf8mb4 COLLATE=utf8mb4_unicode_ci;

-- --------------------------------------------------------

--
-- Table structure for table `payrolls`
--

CREATE TABLE `payrolls` (
  `id` bigint(20) UNSIGNED NOT NULL,
  `company_id` bigint(20) UNSIGNED NOT NULL,
  `employee_id` bigint(20) UNSIGNED NOT NULL,
  `month` varchar(255) NOT NULL,
  `year` year(4) NOT NULL,
  `basic_salary` decimal(12,2) NOT NULL DEFAULT 0.00,
  `allowances` decimal(12,2) NOT NULL DEFAULT 0.00,
  `loan_deduction` decimal(10,2) NOT NULL DEFAULT 0.00,
  `total_present` varchar(255) NOT NULL DEFAULT '0',
  `total_absent` varchar(255) NOT NULL DEFAULT '0',
  `deduction_for_absent` decimal(10,2) NOT NULL DEFAULT 0.00,
  `deductions` decimal(12,2) NOT NULL DEFAULT 0.00,
  `bonuses` decimal(12,2) NOT NULL DEFAULT 0.00,
  `net_salary` decimal(12,2) NOT NULL DEFAULT 0.00,
  `payment_status` int(11) NOT NULL DEFAULT 0 COMMENT '0 = Unpaid, 1 = Paid',
  `status` int(11) NOT NULL DEFAULT 0 COMMENT '0 = regular, 1 = Hold',
  `remarks` varchar(255) DEFAULT NULL,
  `generated_at` timestamp NULL DEFAULT NULL,
  `created_at` timestamp NULL DEFAULT NULL,
  `updated_at` timestamp NULL DEFAULT NULL
) ENGINE=InnoDB DEFAULT CHARSET=utf8mb4 COLLATE=utf8mb4_unicode_ci;

--
-- Dumping data for table `payrolls`
--

INSERT INTO `payrolls` (`id`, `company_id`, `employee_id`, `month`, `year`, `basic_salary`, `allowances`, `loan_deduction`, `total_present`, `total_absent`, `deduction_for_absent`, `deductions`, `bonuses`, `net_salary`, `payment_status`, `status`, `remarks`, `generated_at`, `created_at`, `updated_at`) VALUES
(12, 0, 2, '7', '2025', 20000.00, 0.00, 0.00, '0', '0', 0.00, 0.00, 0.00, 20000.00, 1, 0, NULL, NULL, '2025-10-15 22:12:51', '2025-10-15 22:12:51'),
(13, 0, 3, '7', '2025', 20000.00, 0.00, 0.00, '0', '0', 0.00, 0.00, 0.00, 20000.00, 1, 0, NULL, NULL, '2025-10-15 22:12:51', '2025-10-15 22:12:51'),
(14, 0, 4, '7', '2025', 20000.00, 0.00, 1000.00, '0', '0', 0.00, 0.00, 0.00, 19000.00, 1, 0, NULL, NULL, '2025-10-15 22:12:51', '2025-10-15 22:12:51'),
(15, 0, 5, '7', '2025', 20000.00, 0.00, 0.00, '0', '0', 0.00, 0.00, 0.00, 20000.00, 1, 0, NULL, NULL, '2025-10-15 22:12:51', '2025-10-15 22:12:51'),
(16, 0, 6, '7', '2025', 20000.00, 0.00, 0.00, '0', '0', 0.00, 0.00, 0.00, 20000.00, 1, 0, NULL, NULL, '2025-10-15 22:12:51', '2025-10-15 22:12:51'),
(17, 0, 7, '7', '2025', 20000.00, 0.00, 0.00, '0', '0', 0.00, 0.00, 0.00, 20000.00, 1, 0, NULL, NULL, '2025-10-15 22:12:51', '2025-10-15 22:12:51'),
(18, 0, 8, '7', '2025', 20000.00, 0.00, 0.00, '0', '0', 0.00, 0.00, 0.00, 20000.00, 0, 0, NULL, NULL, '2025-10-15 22:12:51', '2025-10-15 22:12:51'),
(19, 0, 9, '7', '2025', 20000.00, 0.00, 1000.00, '0', '0', 0.00, 0.00, 0.00, 19000.00, 0, 0, NULL, NULL, '2025-10-15 22:12:51', '2025-10-15 22:12:51'),
(20, 0, 10, '7', '2025', 20000.00, 0.00, 0.00, '0', '0', 0.00, 0.00, 0.00, 20000.00, 0, 0, NULL, NULL, '2025-10-15 22:12:51', '2025-10-15 22:12:51'),
(22, 0, 2, '9', '2025', 20000.00, 0.00, 0.00, '0', '0', 0.00, 0.00, 0.00, 20000.00, 0, 0, NULL, NULL, '2025-10-15 22:13:44', '2025-10-15 22:13:44'),
(23, 0, 3, '9', '2025', 20000.00, 0.00, 1000.00, '0', '0', 0.00, 0.00, 0.00, 19000.00, 0, 0, NULL, NULL, '2025-10-15 22:13:44', '2025-10-15 22:13:44'),
(24, 0, 4, '9', '2025', 20000.00, 0.00, 1000.00, '0', '3', 2000.00, 0.00, 0.00, 17000.00, 0, 0, NULL, NULL, '2025-10-15 22:13:44', '2025-10-15 22:13:44'),
(25, 0, 5, '9', '2025', 20000.00, 0.00, 0.00, '0', '2', 1333.33, 0.00, 0.00, 18666.67, 0, 0, NULL, NULL, '2025-10-15 22:13:44', '2025-10-15 22:13:44'),
(26, 0, 6, '9', '2025', 20000.00, 0.00, 0.00, '0', '1', 666.67, 0.00, 0.00, 19333.33, 0, 0, NULL, NULL, '2025-10-15 22:13:44', '2025-10-15 22:13:44'),
(27, 0, 7, '9', '2025', 20000.00, 0.00, 0.00, '0', '0', 0.00, 0.00, 0.00, 20000.00, 0, 0, NULL, NULL, '2025-10-15 22:13:44', '2025-10-15 22:13:44'),
(28, 0, 8, '9', '2025', 20000.00, 0.00, 0.00, '0', '0', 0.00, 0.00, 0.00, 20000.00, 0, 0, NULL, NULL, '2025-10-15 22:13:44', '2025-10-15 22:13:44'),
(30, 0, 10, '9', '2025', 20000.00, 0.00, 0.00, '0', '0', 0.00, 0.00, 0.00, 20000.00, 0, 0, NULL, NULL, '2025-10-15 22:13:44', '2025-10-15 22:13:44'),
(41, 0, 1, '9', '2025', 20000.00, 0.00, 0.00, '0', '0', 0.00, 0.00, 0.00, 20000.00, 0, 0, NULL, NULL, '2025-10-16 02:20:45', '2025-10-16 02:20:45'),
(42, 0, 2, '9', '2025', 20000.00, 0.00, 0.00, '0', '0', 0.00, 0.00, 0.00, 20000.00, 0, 0, NULL, NULL, '2025-10-16 02:20:45', '2025-10-16 02:20:45'),
(43, 0, 3, '9', '2025', 20000.00, 0.00, 1000.00, '0', '0', 0.00, 0.00, 0.00, 19000.00, 0, 0, NULL, NULL, '2025-10-16 02:20:45', '2025-10-16 02:20:45'),
(44, 0, 4, '9', '2025', 20000.00, 0.00, 1000.00, '0', '3', 2000.00, 0.00, 0.00, 17000.00, 0, 0, NULL, NULL, '2025-10-16 02:20:45', '2025-10-16 02:20:45'),
(45, 0, 5, '9', '2025', 20000.00, 0.00, 0.00, '0', '2', 1333.33, 0.00, 0.00, 18666.67, 0, 0, NULL, NULL, '2025-10-16 02:20:45', '2025-10-16 02:20:45'),
(46, 0, 6, '9', '2025', 20000.00, 0.00, 0.00, '0', '1', 666.67, 0.00, 0.00, 19333.33, 0, 0, NULL, NULL, '2025-10-16 02:20:45', '2025-10-16 02:20:45'),
(47, 0, 7, '9', '2025', 20000.00, 0.00, 0.00, '0', '0', 0.00, 0.00, 0.00, 20000.00, 0, 0, NULL, NULL, '2025-10-16 02:20:45', '2025-10-16 02:20:45'),
(48, 0, 8, '9', '2025', 20000.00, 0.00, 0.00, '0', '0', 0.00, 0.00, 0.00, 20000.00, 0, 0, NULL, NULL, '2025-10-16 02:20:45', '2025-10-16 02:20:45'),
(49, 0, 9, '9', '2025', 20000.00, 0.00, 1000.00, '0', '2', 1333.33, 0.00, 0.00, 17666.67, 0, 0, NULL, NULL, '2025-10-16 02:20:45', '2025-10-16 02:20:45'),
(50, 0, 10, '9', '2025', 20000.00, 0.00, 0.00, '0', '0', 0.00, 0.00, 0.00, 20000.00, 0, 0, NULL, NULL, '2025-10-16 02:20:45', '2025-10-16 02:20:45');

-- --------------------------------------------------------

--
-- Table structure for table `permissions`
--

CREATE TABLE `permissions` (
  `id` bigint(20) UNSIGNED NOT NULL,
  `name` varchar(255) NOT NULL,
  `guard_name` varchar(255) NOT NULL,
  `head` varchar(255) DEFAULT NULL,
  `created_at` timestamp NULL DEFAULT NULL,
  `updated_at` timestamp NULL DEFAULT NULL
) ENGINE=InnoDB DEFAULT CHARSET=utf8mb4 COLLATE=utf8mb4_unicode_ci;

--
-- Dumping data for table `permissions`
--

INSERT INTO `permissions` (`id`, `name`, `guard_name`, `head`, `created_at`, `updated_at`) VALUES
(1, 'view users', 'web', 'Users', '2025-10-11 00:08:00', '2025-10-11 00:08:00'),
(2, 'create users', 'web', 'Users', '2025-10-11 00:08:00', '2025-10-11 00:08:00'),
(3, 'edit users', 'web', 'Users', '2025-10-11 00:08:00', '2025-10-11 00:08:00'),
(4, 'delete users', 'web', 'Users', '2025-10-11 00:08:00', '2025-10-11 00:08:00'),
(5, 'assign roles', 'web', 'Roles', '2025-10-11 00:08:00', '2025-10-11 00:08:00');

-- --------------------------------------------------------

--
-- Table structure for table `personal_access_tokens`
--

CREATE TABLE `personal_access_tokens` (
  `id` bigint(20) UNSIGNED NOT NULL,
  `tokenable_type` varchar(255) NOT NULL,
  `tokenable_id` bigint(20) UNSIGNED NOT NULL,
  `name` varchar(255) NOT NULL,
  `token` varchar(64) NOT NULL,
  `abilities` text DEFAULT NULL,
  `last_used_at` timestamp NULL DEFAULT NULL,
  `expires_at` timestamp NULL DEFAULT NULL,
  `created_at` timestamp NULL DEFAULT NULL,
  `updated_at` timestamp NULL DEFAULT NULL
) ENGINE=InnoDB DEFAULT CHARSET=utf8mb4 COLLATE=utf8mb4_unicode_ci;

-- --------------------------------------------------------

--
-- Table structure for table `provident_funds`
--

CREATE TABLE `provident_funds` (
  `id` bigint(20) UNSIGNED NOT NULL,
  `company_id` bigint(20) UNSIGNED NOT NULL,
  `employee_id` bigint(20) UNSIGNED NOT NULL,
  `month` varchar(255) NOT NULL,
  `year` year(4) NOT NULL,
  `contribution_amount` decimal(12,2) NOT NULL DEFAULT 0.00,
  `created_at` timestamp NULL DEFAULT NULL,
  `updated_at` timestamp NULL DEFAULT NULL
) ENGINE=InnoDB DEFAULT CHARSET=utf8mb4 COLLATE=utf8mb4_unicode_ci;

-- --------------------------------------------------------

--
-- Table structure for table `roles`
--

CREATE TABLE `roles` (
  `id` bigint(20) UNSIGNED NOT NULL,
  `name` varchar(255) NOT NULL,
  `guard_name` varchar(255) NOT NULL,
  `created_at` timestamp NULL DEFAULT NULL,
  `updated_at` timestamp NULL DEFAULT NULL
) ENGINE=InnoDB DEFAULT CHARSET=utf8mb4 COLLATE=utf8mb4_unicode_ci;

--
-- Dumping data for table `roles`
--

INSERT INTO `roles` (`id`, `name`, `guard_name`, `created_at`, `updated_at`) VALUES
(1, 'super-admin', 'web', '2025-10-11 00:08:00', '2025-10-11 00:08:00');

-- --------------------------------------------------------

--
-- Table structure for table `role_has_permissions`
--

CREATE TABLE `role_has_permissions` (
  `permission_id` bigint(20) UNSIGNED NOT NULL,
  `role_id` bigint(20) UNSIGNED NOT NULL
) ENGINE=InnoDB DEFAULT CHARSET=utf8mb4 COLLATE=utf8mb4_unicode_ci;

--
-- Dumping data for table `role_has_permissions`
--

INSERT INTO `role_has_permissions` (`permission_id`, `role_id`) VALUES
(1, 1),
(2, 1),
(3, 1),
(4, 1),
(5, 1);

-- --------------------------------------------------------

--
-- Table structure for table `shifts`
--

CREATE TABLE `shifts` (
  `id` bigint(20) UNSIGNED NOT NULL,
  `company_id` bigint(20) UNSIGNED NOT NULL,
  `name` varchar(255) NOT NULL,
  `start_time` time NOT NULL,
  `end_time` time NOT NULL,
  `created_at` timestamp NULL DEFAULT NULL,
  `updated_at` timestamp NULL DEFAULT NULL
) ENGINE=InnoDB DEFAULT CHARSET=utf8mb4 COLLATE=utf8mb4_unicode_ci;

--
-- Dumping data for table `shifts`
--

INSERT INTO `shifts` (`id`, `company_id`, `name`, `start_time`, `end_time`, `created_at`, `updated_at`) VALUES
(1, 6, 'Day', '08:00:00', '17:00:00', '2025-10-11 00:37:43', '2025-10-11 00:37:43');

-- --------------------------------------------------------

--
-- Table structure for table `users`
--

CREATE TABLE `users` (
  `id` bigint(20) UNSIGNED NOT NULL,
  `name` varchar(255) NOT NULL,
  `email` varchar(255) NOT NULL,
  `email_verified_at` timestamp NULL DEFAULT NULL,
  `password` varchar(255) NOT NULL,
  `contact_number` varchar(255) DEFAULT NULL,
  `organization_id` bigint(20) DEFAULT NULL,
  `company_id` bigint(20) DEFAULT NULL,
  `remember_token` varchar(100) DEFAULT NULL,
  `created_at` timestamp NULL DEFAULT NULL,
  `updated_at` timestamp NULL DEFAULT NULL
) ENGINE=InnoDB DEFAULT CHARSET=utf8mb4 COLLATE=utf8mb4_unicode_ci;

--
-- Dumping data for table `users`
--

INSERT INTO `users` (`id`, `name`, `email`, `email_verified_at`, `password`, `contact_number`, `organization_id`, `company_id`, `remember_token`, `created_at`, `updated_at`) VALUES
(6, 'kamal', 'kamal@gmail.com', NULL, '$2y$12$UeB9fCtPAbnlJyjveWoaqOo3rt81yvrcVrvUUcjXHZWAt7ewnuceC', '15648', 6, 6, NULL, '2025-10-11 00:08:34', '2025-10-11 00:08:34');

--
-- Indexes for dumped tables
--

--
-- Indexes for table `attendances`
--
ALTER TABLE `attendances`
  ADD PRIMARY KEY (`id`),
  ADD KEY `attendances_employee_id_foreign` (`employee_id`);

--
-- Indexes for table `bonuses`
--
ALTER TABLE `bonuses`
  ADD PRIMARY KEY (`id`),
  ADD KEY `bonuses_employee_id_foreign` (`employee_id`);

--
-- Indexes for table `branches`
--
ALTER TABLE `branches`
  ADD PRIMARY KEY (`id`),
  ADD KEY `branches_company_id_foreign` (`company_id`);

--
-- Indexes for table `companies`
--
ALTER TABLE `companies`
  ADD PRIMARY KEY (`id`),
  ADD KEY `companies_organization_id_foreign` (`organization_id`);

--
-- Indexes for table `departments`
--
ALTER TABLE `departments`
  ADD PRIMARY KEY (`id`),
  ADD KEY `departments_company_id_foreign` (`company_id`);

--
-- Indexes for table `designations`
--
ALTER TABLE `designations`
  ADD PRIMARY KEY (`id`),
  ADD KEY `designations_company_id_foreign` (`company_id`);

--
-- Indexes for table `employees`
--
ALTER TABLE `employees`
  ADD PRIMARY KEY (`id`);

--
-- Indexes for table `employee_salaries`
--
ALTER TABLE `employee_salaries`
  ADD PRIMARY KEY (`id`),
  ADD KEY `employee__salaries_employee_id_foreign` (`employee_id`);

--
-- Indexes for table `failed_jobs`
--
ALTER TABLE `failed_jobs`
  ADD PRIMARY KEY (`id`),
  ADD UNIQUE KEY `failed_jobs_uuid_unique` (`uuid`);

--
-- Indexes for table `leaves`
--
ALTER TABLE `leaves`
  ADD PRIMARY KEY (`id`),
  ADD KEY `leaves_employee_id_foreign` (`employee_id`);

--
-- Indexes for table `leave_details`
--
ALTER TABLE `leave_details`
  ADD PRIMARY KEY (`id`);

--
-- Indexes for table `loans`
--
ALTER TABLE `loans`
  ADD PRIMARY KEY (`id`),
  ADD KEY `loans_employee_id_foreign` (`employee_id`);

--
-- Indexes for table `migrations`
--
ALTER TABLE `migrations`
  ADD PRIMARY KEY (`id`);

--
-- Indexes for table `model_has_permissions`
--
ALTER TABLE `model_has_permissions`
  ADD PRIMARY KEY (`permission_id`,`model_id`,`model_type`),
  ADD KEY `model_has_permissions_model_id_model_type_index` (`model_id`,`model_type`);

--
-- Indexes for table `model_has_roles`
--
ALTER TABLE `model_has_roles`
  ADD PRIMARY KEY (`role_id`,`model_id`,`model_type`),
  ADD KEY `model_has_roles_model_id_model_type_index` (`model_id`,`model_type`);

--
-- Indexes for table `organizations`
--
ALTER TABLE `organizations`
  ADD PRIMARY KEY (`id`),
  ADD UNIQUE KEY `organizations_org_email_unique` (`org_email`);

--
-- Indexes for table `password_resets`
--
ALTER TABLE `password_resets`
  ADD KEY `password_resets_email_index` (`email`);

--
-- Indexes for table `password_reset_tokens`
--
ALTER TABLE `password_reset_tokens`
  ADD PRIMARY KEY (`email`);

--
-- Indexes for table `payrolls`
--
ALTER TABLE `payrolls`
  ADD PRIMARY KEY (`id`),
  ADD KEY `payrolls_employee_id_foreign` (`employee_id`);

--
-- Indexes for table `permissions`
--
ALTER TABLE `permissions`
  ADD PRIMARY KEY (`id`),
  ADD UNIQUE KEY `permissions_name_guard_name_unique` (`name`,`guard_name`);

--
-- Indexes for table `personal_access_tokens`
--
ALTER TABLE `personal_access_tokens`
  ADD PRIMARY KEY (`id`),
  ADD UNIQUE KEY `personal_access_tokens_token_unique` (`token`),
  ADD KEY `personal_access_tokens_tokenable_type_tokenable_id_index` (`tokenable_type`,`tokenable_id`);

--
-- Indexes for table `provident_funds`
--
ALTER TABLE `provident_funds`
  ADD PRIMARY KEY (`id`),
  ADD KEY `provident_funds_employee_id_foreign` (`employee_id`);

--
-- Indexes for table `roles`
--
ALTER TABLE `roles`
  ADD PRIMARY KEY (`id`),
  ADD UNIQUE KEY `roles_name_guard_name_unique` (`name`,`guard_name`);

--
-- Indexes for table `role_has_permissions`
--
ALTER TABLE `role_has_permissions`
  ADD PRIMARY KEY (`permission_id`,`role_id`),
  ADD KEY `role_has_permissions_role_id_foreign` (`role_id`);

--
-- Indexes for table `shifts`
--
ALTER TABLE `shifts`
  ADD PRIMARY KEY (`id`),
  ADD KEY `shifts_company_id_foreign` (`company_id`);

--
-- Indexes for table `users`
--
ALTER TABLE `users`
  ADD PRIMARY KEY (`id`),
  ADD UNIQUE KEY `users_email_unique` (`email`);

--
-- AUTO_INCREMENT for dumped tables
--

--
-- AUTO_INCREMENT for table `attendances`
--
ALTER TABLE `attendances`
  MODIFY `id` bigint(20) UNSIGNED NOT NULL AUTO_INCREMENT, AUTO_INCREMENT=601;

--
-- AUTO_INCREMENT for table `bonuses`
--
ALTER TABLE `bonuses`
  MODIFY `id` bigint(20) UNSIGNED NOT NULL AUTO_INCREMENT;

--
-- AUTO_INCREMENT for table `branches`
--
ALTER TABLE `branches`
  MODIFY `id` bigint(20) UNSIGNED NOT NULL AUTO_INCREMENT, AUTO_INCREMENT=7;

--
-- AUTO_INCREMENT for table `companies`
--
ALTER TABLE `companies`
  MODIFY `id` bigint(20) UNSIGNED NOT NULL AUTO_INCREMENT, AUTO_INCREMENT=7;

--
-- AUTO_INCREMENT for table `departments`
--
ALTER TABLE `departments`
  MODIFY `id` bigint(20) UNSIGNED NOT NULL AUTO_INCREMENT, AUTO_INCREMENT=10;

--
-- AUTO_INCREMENT for table `designations`
--
ALTER TABLE `designations`
  MODIFY `id` bigint(20) UNSIGNED NOT NULL AUTO_INCREMENT, AUTO_INCREMENT=7;

--
-- AUTO_INCREMENT for table `employees`
--
ALTER TABLE `employees`
  MODIFY `id` bigint(20) UNSIGNED NOT NULL AUTO_INCREMENT, AUTO_INCREMENT=11;

--
-- AUTO_INCREMENT for table `employee_salaries`
--
ALTER TABLE `employee_salaries`
  MODIFY `id` bigint(20) UNSIGNED NOT NULL AUTO_INCREMENT, AUTO_INCREMENT=12;

--
-- AUTO_INCREMENT for table `failed_jobs`
--
ALTER TABLE `failed_jobs`
  MODIFY `id` bigint(20) UNSIGNED NOT NULL AUTO_INCREMENT;

--
-- AUTO_INCREMENT for table `leaves`
--
ALTER TABLE `leaves`
  MODIFY `id` bigint(20) UNSIGNED NOT NULL AUTO_INCREMENT, AUTO_INCREMENT=9;

--
-- AUTO_INCREMENT for table `leave_details`
--
ALTER TABLE `leave_details`
  MODIFY `id` bigint(20) UNSIGNED NOT NULL AUTO_INCREMENT, AUTO_INCREMENT=29;

--
-- AUTO_INCREMENT for table `loans`
--
ALTER TABLE `loans`
  MODIFY `id` bigint(20) UNSIGNED NOT NULL AUTO_INCREMENT, AUTO_INCREMENT=4;

--
-- AUTO_INCREMENT for table `migrations`
--
ALTER TABLE `migrations`
  MODIFY `id` int(10) UNSIGNED NOT NULL AUTO_INCREMENT, AUTO_INCREMENT=24;

--
-- AUTO_INCREMENT for table `organizations`
--
ALTER TABLE `organizations`
  MODIFY `id` bigint(20) UNSIGNED NOT NULL AUTO_INCREMENT, AUTO_INCREMENT=7;

--
-- AUTO_INCREMENT for table `payrolls`
--
ALTER TABLE `payrolls`
  MODIFY `id` bigint(20) UNSIGNED NOT NULL AUTO_INCREMENT, AUTO_INCREMENT=51;

--
-- AUTO_INCREMENT for table `permissions`
--
ALTER TABLE `permissions`
  MODIFY `id` bigint(20) UNSIGNED NOT NULL AUTO_INCREMENT, AUTO_INCREMENT=6;

--
-- AUTO_INCREMENT for table `personal_access_tokens`
--
ALTER TABLE `personal_access_tokens`
  MODIFY `id` bigint(20) UNSIGNED NOT NULL AUTO_INCREMENT;

--
-- AUTO_INCREMENT for table `provident_funds`
--
ALTER TABLE `provident_funds`
  MODIFY `id` bigint(20) UNSIGNED NOT NULL AUTO_INCREMENT;

--
-- AUTO_INCREMENT for table `roles`
--
ALTER TABLE `roles`
  MODIFY `id` bigint(20) UNSIGNED NOT NULL AUTO_INCREMENT, AUTO_INCREMENT=2;

--
-- AUTO_INCREMENT for table `shifts`
--
ALTER TABLE `shifts`
  MODIFY `id` bigint(20) UNSIGNED NOT NULL AUTO_INCREMENT, AUTO_INCREMENT=2;

--
-- AUTO_INCREMENT for table `users`
--
ALTER TABLE `users`
  MODIFY `id` bigint(20) UNSIGNED NOT NULL AUTO_INCREMENT, AUTO_INCREMENT=7;

--
-- Constraints for dumped tables
--

--
-- Constraints for table `attendances`
--
ALTER TABLE `attendances`
  ADD CONSTRAINT `attendances_employee_id_foreign` FOREIGN KEY (`employee_id`) REFERENCES `employees` (`id`) ON DELETE CASCADE;

--
-- Constraints for table `bonuses`
--
ALTER TABLE `bonuses`
  ADD CONSTRAINT `bonuses_employee_id_foreign` FOREIGN KEY (`employee_id`) REFERENCES `employees` (`id`) ON DELETE CASCADE;

--
-- Constraints for table `branches`
--
ALTER TABLE `branches`
  ADD CONSTRAINT `branches_company_id_foreign` FOREIGN KEY (`company_id`) REFERENCES `companies` (`id`) ON DELETE CASCADE;

--
-- Constraints for table `companies`
--
ALTER TABLE `companies`
  ADD CONSTRAINT `companies_organization_id_foreign` FOREIGN KEY (`organization_id`) REFERENCES `organizations` (`id`) ON DELETE CASCADE;

--
-- Constraints for table `departments`
--
ALTER TABLE `departments`
  ADD CONSTRAINT `departments_company_id_foreign` FOREIGN KEY (`company_id`) REFERENCES `companies` (`id`) ON DELETE CASCADE;

--
-- Constraints for table `designations`
--
ALTER TABLE `designations`
  ADD CONSTRAINT `designations_company_id_foreign` FOREIGN KEY (`company_id`) REFERENCES `companies` (`id`) ON DELETE CASCADE;

--
-- Constraints for table `employee_salaries`
--
ALTER TABLE `employee_salaries`
  ADD CONSTRAINT `employee__salaries_employee_id_foreign` FOREIGN KEY (`employee_id`) REFERENCES `employees` (`id`) ON DELETE CASCADE;

--
-- Constraints for table `leaves`
--
ALTER TABLE `leaves`
  ADD CONSTRAINT `leaves_employee_id_foreign` FOREIGN KEY (`employee_id`) REFERENCES `employees` (`id`) ON DELETE CASCADE;

--
-- Constraints for table `loans`
--
ALTER TABLE `loans`
  ADD CONSTRAINT `loans_employee_id_foreign` FOREIGN KEY (`employee_id`) REFERENCES `employees` (`id`) ON DELETE CASCADE;

--
-- Constraints for table `model_has_permissions`
--
ALTER TABLE `model_has_permissions`
  ADD CONSTRAINT `model_has_permissions_permission_id_foreign` FOREIGN KEY (`permission_id`) REFERENCES `permissions` (`id`) ON DELETE CASCADE;

--
-- Constraints for table `model_has_roles`
--
ALTER TABLE `model_has_roles`
  ADD CONSTRAINT `model_has_roles_role_id_foreign` FOREIGN KEY (`role_id`) REFERENCES `roles` (`id`) ON DELETE CASCADE;

--
-- Constraints for table `payrolls`
--
ALTER TABLE `payrolls`
  ADD CONSTRAINT `payrolls_employee_id_foreign` FOREIGN KEY (`employee_id`) REFERENCES `employees` (`id`) ON DELETE CASCADE;

--
-- Constraints for table `provident_funds`
--
ALTER TABLE `provident_funds`
  ADD CONSTRAINT `provident_funds_employee_id_foreign` FOREIGN KEY (`employee_id`) REFERENCES `employees` (`id`) ON DELETE CASCADE;

--
-- Constraints for table `role_has_permissions`
--
ALTER TABLE `role_has_permissions`
  ADD CONSTRAINT `role_has_permissions_permission_id_foreign` FOREIGN KEY (`permission_id`) REFERENCES `permissions` (`id`) ON DELETE CASCADE,
  ADD CONSTRAINT `role_has_permissions_role_id_foreign` FOREIGN KEY (`role_id`) REFERENCES `roles` (`id`) ON DELETE CASCADE;

--
-- Constraints for table `shifts`
--
ALTER TABLE `shifts`
  ADD CONSTRAINT `shifts_company_id_foreign` FOREIGN KEY (`company_id`) REFERENCES `companies` (`id`) ON DELETE CASCADE;
COMMIT;

/*!40101 SET CHARACTER_SET_CLIENT=@OLD_CHARACTER_SET_CLIENT */;
/*!40101 SET CHARACTER_SET_RESULTS=@OLD_CHARACTER_SET_RESULTS */;
/*!40101 SET COLLATION_CONNECTION=@OLD_COLLATION_CONNECTION */;
